method,image_auroc,image_auprc,matching_and_aggregation_seconds,memory_vector_fp16_mib,image_auroc_ci95,pixel_auroc,pixel_auprc,aupro,dataset,seconds,fit_seconds,memory_seconds,eval_seconds,peak_gpu_gb,selected_layers,selected_layer_count,feature_dim,candidate_dim,compression_ratio,memory_size,experiment_version,timing_scope,asls_geometry_feasible,uvarfs_geometry_error,uvarfs_geometry_feasible,uvarfs_solver_converged,uvarfs_selected_lambda
main,0.7155419207317073,0.9039051562654894,1.599175940733403,9.5367431640625,"[0.6902323650341415, 0.7398005051233485]",0.9361367819061012,0.2648100083019279,0.726036336060082,brain,617.8331553936005,10.840662717819214,11.155121803283691,595.8367323875427,2.197096824645996,2;4,2,250,4608,0.9457465277777778,20000,gpu-eval-v4-protocol-fixes,shared_dataset_all_methods,True,0.052169520407915115,False,False,1e-06
last_raw,0.8932594004065041,0.9716517018932109,1.5910104401409626,14.6484375,"[0.8800368955071097, 0.9068403506508742]",0.9783593594648448,0.6096547033939261,0.7744116736281978,brain,617.8331799507141,10.840662717819214,11.155121803283691,595.8367323875427,2.197096824645996,12,1,384,4608,0.9166666666666666,20000,gpu-eval-v4-protocol-fixes,shared_dataset_all_methods,True,,,,
fixed4_raw,0.8931905487804879,0.9715048165110295,3.675917238695547,58.59375,"[0.8800010693765073, 0.9068032991597839]",0.9785871214189109,0.6121303521727927,0.7806501531413799,brain,617.8331871032715,10.840662717819214,11.155121803283691,595.8367323875427,2.197096824645996,3;6;9;12,4,1536,4608,0.6666666666666667,20000,gpu-eval-v4-protocol-fixes,shared_dataset_all_methods,True,,,,
all_raw,0.8818467987804878,0.967401592523669,9.640986568992957,175.78125,"[0.8678190833848572, 0.896292270282521]",0.978235058332386,0.6047664367681895,0.7930082935805134,brain,617.8331913948059,10.840662717819214,11.155121803283691,595.8367323875427,2.197096824645996,1;2;3;4;5;6;7;8;9;10;11;12,12,4608,4608,0.0,20000,gpu-eval-v4-protocol-fixes,shared_dataset_all_methods,True,,,,
asls_raw,0.5987705792682926,0.8505333742692651,2.239144915016368,29.296875,"[0.5725455055418746, 0.6261157864369852]",0.9284965017188296,0.2220394044353695,0.7151640178911413,brain,617.8331985473633,10.840662717819214,11.155121803283691,595.8367323875427,2.197096824645996,2;4,2,768,4608,0.8333333333333334,20000,gpu-eval-v4-protocol-fixes,shared_dataset_all_methods,True,,,,
asls_pca,0.7034875508130082,0.9080745309651106,1.4444915167987347,9.5367431640625,"[0.6807319540047704, 0.726756244456673]",0.888194567714447,0.12339135515982222,0.6188127338185014,brain,617.833203792572,10.840662717819214,11.155121803283691,595.8367323875427,2.197096824645996,2;4,2,250,4608,0.9457465277777778,20000,gpu-eval-v4-protocol-fixes,shared_dataset_all_methods,True,,,,
fixed4_uvarfs,0.8754090447154472,0.9646612107811674,1.3547134948894382,7.781982421875,"[0.8610932026501248, 0.8900785930189451]",0.9759354104183959,0.5506601368445527,0.7145763397602639,brain,617.8332102298737,10.840662717819214,11.155121803283691,595.8367323875427,2.197096824645996,3;6;9;12,4,204,4608,0.9557291666666666,20000,gpu-eval-v4-protocol-fixes,shared_dataset_all_methods,True,0.042899370193481445,True,False,1e-05
all_uvarfs,0.8774418191056912,0.9656570711226038,1.41404962958768,9.0789794921875,"[0.8628729766345309, 0.8921645100009613]",0.9766764892610509,0.5657295815077855,0.7164365927294185,brain,617.8332409858704,10.840662717819214,11.155121803283691,595.8367323875427,2.197096824645996,1;2;3;4;5;6;7;8;9;10;11;12,12,238,4608,0.9483506944444444,20000,gpu-eval-v4-protocol-fixes,shared_dataset_all_methods,True,0.06660924106836319,False,False,2e-05
asls_random_seed42,0.5794032012195122,0.8649477191073174,1.418687517521903,9.5367431640625,"[0.5546108068381428, 0.6032455200615066]",0.8526075905684151,0.09035851625631514,0.5802928173696505,brain,617.8332521915436,10.840662717819214,11.155121803283691,595.8367323875427,2.197096824645996,2;4,2,250,4608,0.9457465277777778,20000,gpu-eval-v4-protocol-fixes,shared_dataset_all_methods,True,,,,
asls_random_seed123,0.4712167174796748,0.8002500133560764,1.4187728515826166,9.5367431640625,"[0.4430506565339415, 0.49792029593761006]",0.9142694082784909,0.17401834753064646,0.6795285496658515,brain,617.8332579135895,10.840662717819214,11.155121803283691,595.8367323875427,2.197096824645996,2;4,2,250,4608,0.9457465277777778,20000,gpu-eval-v4-protocol-fixes,shared_dataset_all_methods,True,,,,
asls_random_seed3407,0.4945551321138212,0.8103756776989408,1.4190081756096333,9.5367431640625,"[0.4656652613393895, 0.5212221395627356]",0.9267366331246846,0.2348091864845273,0.7162141795012924,brain,617.8332614898682,10.840662717819214,11.155121803283691,595.8367323875427,2.197096824645996,2;4,2,250,4608,0.9457465277777778,20000,gpu-eval-v4-protocol-fixes,shared_dataset_all_methods,True,,,,
asls_random_seed2026,0.5680802845528455,0.8582403855667453,1.4180241823196411,9.5367431640625,"[0.543266808673085, 0.5919636402298308]",0.8685748669117107,0.10176013696692726,0.5758320296999327,brain,617.8332648277283,10.840662717819214,11.155121803283691,595.8367323875427,2.197096824645996,2;4,2,250,4608,0.9457465277777778,20000,gpu-eval-v4-protocol-fixes,shared_dataset_all_methods,True,,,,
asls_random_seed2027,0.6229588414634145,0.861415872424655,1.4182437339331955,9.5367431640625,"[0.5981384894453833, 0.6476199573925026]",0.9411303977074472,0.30825707704525884,0.7445655684295704,brain,617.8332679271698,10.840662717819214,11.155121803283691,595.8367323875427,2.197096824645996,2;4,2,250,4608,0.9457465277777778,20000,gpu-eval-v4-protocol-fixes,shared_dataset_all_methods,True,,,,
random4_uvarfs_seed42,0.7557916666666666,0.9228647530258453,1.3626024385448545,9.765625,"[0.7341607808021487, 0.7781573748881828]",0.9566310989941468,0.3779257127638208,0.7711283517010408,brain,617.8332710266113,10.840662717819214,11.155121803283691,595.8367323875427,2.197096824645996,1;6;8;11,4,256,4608,0.9444444444444444,20000,gpu-eval-v4-protocol-fixes,shared_dataset_all_methods,True,0.052662622183561325,False,False,1e-05
random4_uvarfs_seed123,0.8746557418699187,0.9641829507495594,1.3577747214585543,9.765625,"[0.8596850246437561, 0.8894708511280305]",0.9766053560058371,0.5625583119279104,0.7177606629328012,brain,617.8332781791687,10.840662717819214,11.155121803283691,595.8367323875427,2.197096824645996,1;7;11;12,4,256,4608,0.9444444444444444,20000,gpu-eval-v4-protocol-fixes,shared_dataset_all_methods,True,0.04498346149921417,True,False,5e-06
random4_uvarfs_seed3407,0.8014443597560974,0.9391653936998783,1.3574379270430654,9.765625,"[0.780205576281211, 0.8205927026424013]",0.9502119909098231,0.33575059463412543,0.7788009566134715,brain,617.8332831859589,10.840662717819214,11.155121803283691,595.8367323875427,2.197096824645996,2;5;6;9,4,256,4608,0.9444444444444444,20000,gpu-eval-v4-protocol-fixes,shared_dataset_all_methods,True,0.1042342334985733,False,False,5e-05
random4_uvarfs_seed2026,0.8757736280487806,0.9648166163072587,1.3648780912626535,8.1634521484375,"[0.8614056086913713, 0.8900858060351201]",0.9760202189026738,0.5536594846656853,0.7161465902761979,brain,617.8332872390747,10.840662717819214,11.155121803283691,595.8367323875427,2.197096824645996,1;2;8;12,4,214,4608,0.9535590277777778,20000,gpu-eval-v4-protocol-fixes,shared_dataset_all_methods,True,0.03707411140203476,True,False,1e-05
random4_uvarfs_seed2027,0.8017205284552846,0.9430609713012259,1.4489361066371202,8.20159912109375,"[0.781715348778334, 0.8204091284683045]",0.9433809638337778,0.2968495209736969,0.7390672148730919,brain,617.833291053772,10.840662717819214,11.155121803283691,595.8367323875427,2.197096824645996,1;2;5;6,4,215,4608,0.9533420138888888,20000,gpu-eval-v4-protocol-fixes,shared_dataset_all_methods,True,0.14222975075244904,False,True,0.0001
randomk_raw_seed42,0.7912621951219514,0.93775891548381,2.2513742251321673,29.296875,"[0.7705998640012455, 0.8117495100431459]",0.951958446470188,0.33651953983863925,0.7844796991615676,brain,617.8332982063293,10.840662717819214,11.155121803283691,595.8367323875427,2.197096824645996,1;10,2,768,4608,0.8333333333333334,20000,gpu-eval-v4-protocol-fixes,shared_dataset_all_methods,True,,,,
randomk_uvarfs_seed42,0.7652266260162602,0.9258079269202413,1.418284791521728,9.5367431640625,"[0.7424822600737462, 0.7871493668982196]",0.9484881582215876,0.3088055468751047,0.7751623284012219,brain,617.8333015441895,10.840662717819214,11.155121803283691,595.8367323875427,2.197096824645996,1;10,2,250,4608,0.9457465277777778,20000,gpu-eval-v4-protocol-fixes,shared_dataset_all_methods,True,0.04815632849931717,True,False,1e-06
randomk_raw_seed123,0.8236892784552846,0.9470998242752295,2.2528428754303604,29.296875,"[0.80394649411572, 0.8413680097079672]",0.9541803975322365,0.3702050213341543,0.7909921495791528,brain,617.8333051204681,10.840662717819214,11.155121803283691,595.8367323875427,2.197096824645996,1;9,2,768,4608,0.8333333333333334,20000,gpu-eval-v4-protocol-fixes,shared_dataset_all_methods,True,,,,
randomk_uvarfs_seed123,0.8124250508130082,0.9430599164514574,1.360051549039781,9.765625,"[0.7928601138166466, 0.8315322152223009]",0.9516964056982019,0.3462526954351525,0.7836222048659067,brain,617.833309173584,10.840662717819214,11.155121803283691,595.8367323875427,2.197096824645996,1;9,2,256,4608,0.9444444444444444,20000,gpu-eval-v4-protocol-fixes,shared_dataset_all_methods,True,0.047016628086566925,True,False,1e-06
randomk_raw_seed3407,0.7872029979674797,0.9315628316231699,2.2522855463903397,29.296875,"[0.7664806241716682, 0.8070568004823622]",0.9511108039093924,0.32531612528177944,0.7788418962850585,brain,617.8333127498627,10.840662717819214,11.155121803283691,595.8367323875427,2.197096824645996,2;7,2,768,4608,0.8333333333333334,20000,gpu-eval-v4-protocol-fixes,shared_dataset_all_methods,True,,,,
randomk_uvarfs_seed3407,0.7877667682926828,0.9336973752852538,1.3576527733821422,9.765625,"[0.7671056883789, 0.8075074324837264]",0.9481733128906705,0.3061897846411041,0.7668336479465547,brain,617.8333158493042,10.840662717819214,11.155121803283691,595.8367323875427,2.197096824645996,2;7,2,256,4608,0.9444444444444444,20000,gpu-eval-v4-protocol-fixes,shared_dataset_all_methods,True,0.048804208636283875,True,False,1e-05
randomk_raw_seed2026,0.7920264227642276,0.9380294552932668,2.252125019673258,29.296875,"[0.7714265849750164, 0.8124795993583449]",0.9520157278192013,0.33681414190111947,0.784469896941916,brain,617.8333196640015,10.840662717819214,11.155121803283691,595.8367323875427,2.197096824645996,3;10,2,768,4608,0.8333333333333334,20000,gpu-eval-v4-protocol-fixes,shared_dataset_all_methods,True,,,,
randomk_uvarfs_seed2026,0.7640101626016259,0.9253314972695788,1.399506514891982,9.46044921875,"[0.741064293142161, 0.7861555268142766]",0.9482031841238319,0.3066720924129314,0.7741657102922532,brain,617.833322763443,10.840662717819214,11.155121803283691,595.8367323875427,2.197096824645996,3;10,2,248,4608,0.9461805555555556,20000,gpu-eval-v4-protocol-fixes,shared_dataset_all_methods,True,0.05144317075610161,False,False,1e-06
randomk_raw_seed2027,0.7809136178861789,0.9297192592352894,2.252122482517734,29.296875,"[0.7597020956592281, 0.8018095746547927]",0.9502355104017423,0.31890958479628756,0.7768661642370654,brain,617.8333268165588,10.840662717819214,11.155121803283691,595.8367323875427,2.197096824645996,1;7,2,768,4608,0.8333333333333334,20000,gpu-eval-v4-protocol-fixes,shared_dataset_all_methods,True,,,,
randomk_uvarfs_seed2027,0.7907439024390244,0.9351977587546909,1.3585119494237006,9.765625,"[0.7705268747516261, 0.8107128583926647]",0.9475571253594237,0.30212005721107477,0.7639702922614765,brain,617.833330154419,10.840662717819214,11.155121803283691,595.8367323875427,2.197096824645996,1;7,2,256,4608,0.9444444444444444,20000,gpu-eval-v4-protocol-fixes,shared_dataset_all_methods,True,0.04746433347463608,True,True,1e-05
main,0.5559774399136594,0.5443739683514672,0.668239681981504,5.45501708984375,"[0.533428400101973, 0.5811404848113197]",,,,camelyon16,119.64318871498108,10.3166663646698,10.709012746810913,98.61699557304382,2.14912748336792,1;2,2,143,4608,0.9689670138888888,20000,gpu-eval-v4-protocol-fixes,shared_dataset_all_methods,True,0.05846250057220459,False,False,1e-06
last_raw,0.6887471388650948,0.5949594000776132,0.8019690667279065,14.6484375,"[0.6638521226580649, 0.7126990933468522]",,,,camelyon16,119.64320302009583,10.3166663646698,10.709012746810913,98.61699557304382,2.14912748336792,12,1,384,4608,0.9166666666666666,20000,gpu-eval-v4-protocol-fixes,shared_dataset_all_methods,True,,,,
fixed4_raw,0.6900786573879969,0.5957867167334773,1.8111419493798167,58.59375,"[0.6659331038584306, 0.7138356989856831]",,,,camelyon16,119.64320707321167,10.3166663646698,10.709012746810913,98.61699557304382,2.14912748336792,3;6;9;12,4,1536,4608,0.6666666666666667,20000,gpu-eval-v4-protocol-fixes,shared_dataset_all_methods,True,,,,
all_raw,0.6930250495996919,0.6002208366539273,4.859946826007217,175.78125,"[0.6692277374907067, 0.7156956705096965]",,,,camelyon16,119.64321160316467,10.3166663646698,10.709012746810913,98.61699557304382,2.14912748336792,1;2;3;4;5;6;7;8;9;10;11;12,12,4608,4608,0.0,20000,gpu-eval-v4-protocol-fixes,shared_dataset_all_methods,True,,,,
asls_raw,0.5366004601888499,0.532388007867739,1.1518598867114633,29.296875,"[0.513793390230705, 0.5634479391577643]",,,,camelyon16,119.64321613311768,10.3166663646698,10.709012746810913,98.61699557304382,2.14912748336792,1;2,2,768,4608,0.8333333333333334,20000,gpu-eval-v4-protocol-fixes,shared_dataset_all_methods,True,,,,
asls_pca,0.5926972603316809,0.56864441574852,0.6942929753568023,5.45501708984375,"[0.5697712648292317, 0.6179851700397934]",,,,camelyon16,119.64321899414062,10.3166663646698,10.709012746810913,98.61699557304382,2.14912748336792,1;2,2,143,4608,0.9689670138888888,20000,gpu-eval-v4-protocol-fixes,shared_dataset_all_methods,True,,,,
fixed4_uvarfs,0.6904989257579375,0.5953597911991371,0.6732264561578631,5.68389892578125,"[0.6660066414066638, 0.714043853942234]",,,,camelyon16,119.64322209358215,10.3166663646698,10.709012746810913,98.61699557304382,2.14912748336792,3;6;9;12,4,149,4608,0.9676649305555556,20000,gpu-eval-v4-protocol-fixes,shared_dataset_all_methods,True,0.05796059966087341,False,False,1e-06
all_uvarfs,0.690145860206102,0.5959309619571729,0.6654742627870291,7.9345703125,"[0.6663086354275052, 0.7141272999131414]",,,,camelyon16,119.643226146698,10.3166663646698,10.709012746810913,98.61699557304382,2.14912748336792,1;2;3;4;5;6;7;8;9;10;11;12,12,208,4608,0.9548611111111112,20000,gpu-eval-v4-protocol-fixes,shared_dataset_all_methods,True,0.046962935477495193,True,False,1e-05
asls_random_seed42,0.5095799121749439,0.5222353984131856,0.6918104023206979,5.45501708984375,"[0.48549087226976795, 0.5355957725559967]",,,,camelyon16,119.643230676651,10.3166663646698,10.709012746810913,98.61699557304382,2.14912748336792,1;2,2,143,4608,0.9689670138888888,20000,gpu-eval-v4-protocol-fixes,shared_dataset_all_methods,True,,,,
asls_random_seed123,0.49515036379794225,0.4944515316297371,0.6802685249131173,5.45501708984375,"[0.47162262736873956, 0.522281583279515]",,,,camelyon16,119.64323329925537,10.3166663646698,10.709012746810913,98.61699557304382,2.14912748336792,1;2,2,143,4608,0.9689670138888888,20000,gpu-eval-v4-protocol-fixes,shared_dataset_all_methods,True,,,,
asls_random_seed3407,0.5815812120981121,0.5588935385027227,0.7289192311000079,5.45501708984375,"[0.5589388987010656, 0.6076937598406791]",,,,camelyon16,119.6432363986969,10.3166663646698,10.709012746810913,98.61699557304382,2.14912748336792,1;2,2,143,4608,0.9689670138888888,20000,gpu-eval-v4-protocol-fixes,shared_dataset_all_methods,True,,,,
asls_random_seed2026,0.4971363575270165,0.5153245722309509,1.492635095026344,5.45501708984375,"[0.4717726762590026, 0.523400916464899]",,,,camelyon16,119.64323854446411,10.3166663646698,10.709012746810913,98.61699557304382,2.14912748336792,1;2,2,143,4608,0.9689670138888888,20000,gpu-eval-v4-protocol-fixes,shared_dataset_all_methods,True,,,,
asls_random_seed2027,0.46826723050165403,0.5011752891864483,0.8706957120448351,5.45501708984375,"[0.4449450995769971, 0.4942563864037708]",,,,camelyon16,119.6432409286499,10.3166663646698,10.709012746810913,98.61699557304382,2.14912748336792,1;2,2,143,4608,0.9689670138888888,20000,gpu-eval-v4-protocol-fixes,shared_dataset_all_methods,True,,,,
random4_uvarfs_seed42,0.6922366702708774,0.609349498830419,0.7597474534995854,7.74383544921875,"[0.6673977060739265, 0.7140330497842854]",,,,camelyon16,119.64324378967285,10.3166663646698,10.709012746810913,98.61699557304382,2.14912748336792,1;6;8;11,4,203,4608,0.9559461805555556,20000,gpu-eval-v4-protocol-fixes,shared_dataset_all_methods,True,0.04946932941675186,True,False,2e-06
random4_uvarfs_seed123,0.6896553799366488,0.5956594315552248,0.7106294832192361,7.13348388671875,"[0.6652784503983701, 0.7139089352506802]",,,,camelyon16,119.64324951171875,10.3166663646698,10.709012746810913,98.61699557304382,2.14912748336792,1;7;11;12,4,187,4608,0.9594184027777778,20000,gpu-eval-v4-protocol-fixes,shared_dataset_all_methods,True,0.047433774918317795,True,False,5e-06
random4_uvarfs_seed3407,0.705432495270727,0.6199999260805492,0.6999843053054065,9.765625,"[0.6823521048296035, 0.728058873880456]",,,,camelyon16,119.6432535648346,10.3166663646698,10.709012746810913,98.61699557304382,2.14912748336792,2;5;6;9,4,256,4608,0.9444444444444444,20000,gpu-eval-v4-protocol-fixes,shared_dataset_all_methods,True,0.0845758467912674,False,False,2e-05
random4_uvarfs_seed2026,0.690522998409199,0.5948583784510092,0.5970765689853579,5.79833984375,"[0.6663499333417298, 0.7146933729997832]",,,,camelyon16,119.64325737953186,10.3166663646698,10.709012746810913,98.61699557304382,2.14912748336792,1;2;8;12,4,152,4608,0.9670138888888888,20000,gpu-eval-v4-protocol-fixes,shared_dataset_all_methods,True,0.04915834590792656,True,False,2e-05
random4_uvarfs_seed2027,0.7323712965730576,0.6286608398589777,0.7721654158085585,8.96453857421875,"[0.7106419046676126, 0.7536730343608474]",,,,camelyon16,119.64326095581055,10.3166663646698,10.709012746810913,98.61699557304382,2.14912748336792,1;2;5;6,4,235,4608,0.9490017361111112,20000,gpu-eval-v4-protocol-fixes,shared_dataset_all_methods,True,0.11965180188417435,False,False,5e-05
randomk_raw_seed42,0.7057339049250638,0.6162205466797415,1.146001450251788,29.296875,"[0.682068978905533, 0.7282909435157099]",,,,camelyon16,119.64326453208923,10.3166663646698,10.709012746810913,98.61699557304382,2.14912748336792,1;10,2,768,4608,0.8333333333333334,20000,gpu-eval-v4-protocol-fixes,shared_dataset_all_methods,True,,,,
randomk_uvarfs_seed42,0.7116587862168023,0.6197973255558566,0.6998538665939122,7.476806640625,"[0.6880931819973067, 0.7339686404230973]",,,,camelyon16,119.64326739311218,10.3166663646698,10.709012746810913,98.61699557304382,2.14912748336792,1;10,2,196,4608,0.9574652777777778,20000,gpu-eval-v4-protocol-fixes,shared_dataset_all_methods,True,0.06411920487880707,False,False,1e-06
randomk_raw_seed123,0.7063166636910194,0.6208354629214152,1.1788236424326897,29.296875,"[0.6826147230706415, 0.7288756988843929]",,,,camelyon16,119.64327049255371,10.3166663646698,10.709012746810913,98.61699557304382,2.14912748336792,1;9,2,768,4608,0.8333333333333334,20000,gpu-eval-v4-protocol-fixes,shared_dataset_all_methods,True,,,,
randomk_uvarfs_seed123,0.7025066651153181,0.6184530716005712,0.702513316180557,9.765625,"[0.6792195801676025, 0.7246835021936348]",,,,camelyon16,119.64327383041382,10.3166663646698,10.709012746810913,98.61699557304382,2.14912748336792,1;9,2,256,4608,0.9444444444444444,20000,gpu-eval-v4-protocol-fixes,shared_dataset_all_methods,True,0.05010325089097023,False,False,1e-06
randomk_raw_seed3407,0.767691392622936,0.6708640253253269,1.1554188567679375,29.296875,"[0.7481626191963764, 0.7870658207254593]",,,,camelyon16,119.64327669143677,10.3166663646698,10.709012746810913,98.61699557304382,2.14912748336792,2;7,2,768,4608,0.8333333333333334,20000,gpu-eval-v4-protocol-fixes,shared_dataset_all_methods,True,,,,
randomk_uvarfs_seed3407,0.7671031172077329,0.673208826563202,0.7035415179561824,9.765625,"[0.7464365328207687, 0.7867940813435836]",,,,camelyon16,119.64328074455261,10.3166663646698,10.709012746810913,98.61699557304382,2.14912748336792,2;7,2,256,4608,0.9444444444444444,20000,gpu-eval-v4-protocol-fixes,shared_dataset_all_methods,True,0.07364886999130249,False,False,1e-05
randomk_raw_seed2026,0.7059244800808842,0.6162945002780588,1.1547239783685654,29.296875,"[0.6822259160781522, 0.7284964566355469]",,,,camelyon16,119.64328360557556,10.3166663646698,10.709012746810913,98.61699557304382,2.14912748336792,3;10,2,768,4608,0.8333333333333334,20000,gpu-eval-v4-protocol-fixes,shared_dataset_all_methods,True,,,,
randomk_uvarfs_seed2026,0.7185310266383947,0.6254917310337482,0.6474755022209138,5.4168701171875,"[0.6952751370170679, 0.7407086400669531]",,,,camelyon16,119.64328622817993,10.3166663646698,10.709012746810913,98.61699557304382,2.14912748336792,3;10,2,142,4608,0.9691840277777778,20000,gpu-eval-v4-protocol-fixes,shared_dataset_all_methods,True,0.10113634914159775,False,False,1e-06
randomk_raw_seed2027,0.7684005328080146,0.6714180702992376,1.1555526305455714,29.296875,"[0.7489755256927042, 0.7872683262026878]",,,,camelyon16,119.64328908920288,10.3166663646698,10.709012746810913,98.61699557304382,2.14912748336792,1;7,2,768,4608,0.8333333333333334,20000,gpu-eval-v4-protocol-fixes,shared_dataset_all_methods,True,,,,
randomk_uvarfs_seed2027,0.7700354670395253,0.6738170733658211,0.7038100184872746,9.765625,"[0.7492460060505266, 0.7893367863656267]",,,,camelyon16,119.64329195022583,10.3166663646698,10.709012746810913,98.61699557304382,2.14912748336792,1;7,2,256,4608,0.9444444444444444,20000,gpu-eval-v4-protocol-fixes,shared_dataset_all_methods,True,0.06872564554214478,False,False,5e-06
main,0.6477527374586197,0.5565692436935233,0.5635807116050273,8.697509765625,"[0.6203510916761154, 0.6748419543914765]",0.9834061880434936,0.17322406048307232,0.9509746474787122,liver,275.02149391174316,10.466557502746582,11.233112812042236,253.32129406929016,2.1770424842834473,4;3,2,228,4608,0.9505208333333334,20000,gpu-eval-v4-protocol-fixes,shared_dataset_all_methods,True,0.05769086256623268,False,False,1e-06
last_raw,0.5922332569391393,0.544476054185376,0.6391746669542044,14.6484375,"[0.5610850184111148, 0.6192969231652409]",0.9559027259521167,0.049704853746385266,0.8296724486913082,liver,275.02151131629944,10.466557502746582,11.233112812042236,253.32129406929016,2.1770424842834473,12,1,384,4608,0.9166666666666666,20000,gpu-eval-v4-protocol-fixes,shared_dataset_all_methods,True,,,,
fixed4_raw,0.5935164975080942,0.544687117281753,1.5117490387056023,58.59375,"[0.5626085859687461, 0.6205375545450682]",0.9573465560687056,0.051519429397406544,0.843430753263275,liver,275.0215184688568,10.466557502746582,11.233112812042236,253.32129406929016,2.1770424842834473,3;6;9;12,4,1536,4608,0.6666666666666667,20000,gpu-eval-v4-protocol-fixes,shared_dataset_all_methods,True,,,,
all_raw,0.6011022590854525,0.5463631420943073,3.8689666723366827,175.78125,"[0.5710628355090146, 0.6285979064792211]",0.9592122936559652,0.0519221198737662,0.88315942340568,liver,275.02152585983276,10.466557502746582,11.233112812042236,253.32129406929016,2.1770424842834473,1;2;3;4;5;6;7;8;9;10;11;12,12,4608,4608,0.0,20000,gpu-eval-v4-protocol-fixes,shared_dataset_all_methods,True,,,,
asls_raw,0.6453399541634834,0.5422028734165605,0.8998514437116683,29.296875,"[0.6178341955540304, 0.6729727112846053]",0.9798661827341485,0.12750554258843202,0.9442770617632618,liver,275.02152967453003,10.466557502746582,11.233112812042236,253.32129406929016,2.1770424842834473,4;3,2,768,4608,0.8333333333333334,20000,gpu-eval-v4-protocol-fixes,shared_dataset_all_methods,True,,,,
asls_pca,0.534231874568009,0.4498065045017593,0.575682230759412,8.697509765625,"[0.5047908324568081, 0.5625677244934316]",0.977383452812706,0.09422296155037392,0.93728254522531,liver,275.0215334892273,10.466557502746582,11.233112812042236,253.32129406929016,2.1770424842834473,4;3,2,228,4608,0.9505208333333334,20000,gpu-eval-v4-protocol-fixes,shared_dataset_all_methods,True,,,,
fixed4_uvarfs,0.5877851140456182,0.5357071881781652,0.5802947462070733,7.66754150390625,"[0.5565531742281108, 0.6143892441058603]",0.9541175631037959,0.04706740579271323,0.7655631381458423,liver,275.02153754234314,10.466557502746582,11.233112812042236,253.32129406929016,2.1770424842834473,3;6;9;12,4,201,4608,0.9563802083333334,20000,gpu-eval-v4-protocol-fixes,shared_dataset_all_methods,True,0.04064133018255234,True,False,1e-05
all_uvarfs,0.5977581941867656,0.5501695249644522,0.6050990580115467,8.81195068359375,"[0.5669910978394697, 0.6242504420404054]",0.9550452797891231,0.04668759891121525,0.7824110125203515,liver,275.0215427875519,10.466557502746582,11.233112812042236,253.32129406929016,2.1770424842834473,1;2;3;4;5;6;7;8;9;10;11;12,12,231,4608,0.9498697916666666,20000,gpu-eval-v4-protocol-fixes,shared_dataset_all_methods,True,0.06788947433233261,False,False,2e-05
asls_random_seed42,0.6649978173087416,0.5819170879440725,0.5641995421610773,8.697509765625,"[0.6397494725717275, 0.6917472518335053]",0.9872268407645365,0.22075211381375534,0.9588414660742497,liver,275.02154779434204,10.466557502746582,11.233112812042236,253.32129406929016,2.1770424842834473,4;3,2,228,4608,0.9505208333333334,20000,gpu-eval-v4-protocol-fixes,shared_dataset_all_methods,True,,,,
asls_random_seed123,0.5808159627487358,0.46072899894173824,0.5641318517737091,8.697509765625,"[0.5522240622458957, 0.6084967037847779]",0.9783780057220729,0.10043089700974792,0.9356041929106154,liver,275.0215528011322,10.466557502746582,11.233112812042236,253.32129406929016,2.1770424842834473,4;3,2,228,4608,0.9505208333333334,20000,gpu-eval-v4-protocol-fixes,shared_dataset_all_methods,True,,,,
asls_random_seed3407,0.6017088653643275,0.4953633780354476,0.5642122165299952,8.697509765625,"[0.5732785836789532, 0.6279448084700431]",0.9691828455603145,0.06332679332183971,0.9412765335345935,liver,275.0215554237366,10.466557502746582,11.233112812042236,253.32129406929016,2.1770424842834473,4;3,2,228,4608,0.9505208333333334,20000,gpu-eval-v4-protocol-fixes,shared_dataset_all_methods,True,,,,
asls_random_seed2026,0.6965840881807269,0.6667290341932678,0.5640080366283655,8.697509765625,"[0.6703165582086552, 0.7214346022608624]",0.9873416019841696,0.3932582010212161,0.954415024863423,liver,275.02155804634094,10.466557502746582,11.233112812042236,253.32129406929016,2.1770424842834473,4;3,2,228,4608,0.9505208333333334,20000,gpu-eval-v4-protocol-fixes,shared_dataset_all_methods,True,,,,
asls_random_seed2027,0.5077931172468988,0.40321504992066626,0.5640235231257975,8.697509765625,"[0.4782106824148486, 0.5368603602632215]",0.9639653503922606,0.04647363119619834,0.8884419395632369,liver,275.02156233787537,10.466557502746582,11.233112812042236,253.32129406929016,2.1770424842834473,4;3,2,228,4608,0.9505208333333334,20000,gpu-eval-v4-protocol-fixes,shared_dataset_all_methods,True,,,,
random4_uvarfs_seed42,0.6256093346429481,0.5585493321336235,0.5462129779625684,9.765625,"[0.5940944805395376, 0.6540442629982363]",0.963307634378289,0.05380774131256844,0.9099581452102106,liver,275.0215644836426,10.466557502746582,11.233112812042236,253.32129406929016,2.1770424842834473,1;6;8;11,4,256,4608,0.9444444444444444,20000,gpu-eval-v4-protocol-fixes,shared_dataset_all_methods,True,0.046203576028347015,True,False,5e-06
random4_uvarfs_seed123,0.5925442904434501,0.5424803969823446,0.5463779412675649,9.765625,"[0.562162585843842, 0.6189915446402727]",0.954192166454112,0.044735521586419746,0.8300499253392057,liver,275.0215685367584,10.466557502746582,11.233112812042236,253.32129406929016,2.1770424842834473,1;7;11;12,4,256,4608,0.9444444444444444,20000,gpu-eval-v4-protocol-fixes,shared_dataset_all_methods,True,0.04348823428153992,True,False,5e-06
random4_uvarfs_seed3407,0.6273136527338208,0.565036758835018,0.5656304669100791,9.002685546875,"[0.5978598620497942, 0.654685957181687]",0.9679563455359877,0.08886196916625096,0.9312178445711317,liver,275.0215723514557,10.466557502746582,11.233112812042236,253.32129406929016,2.1770424842834473,2;5;6;9,4,236,4608,0.9487847222222222,20000,gpu-eval-v4-protocol-fixes,shared_dataset_all_methods,True,0.10000905394554138,False,True,5e-05
random4_uvarfs_seed2026,0.5891838553603259,0.5384523657388508,0.542186866980046,7.476806640625,"[0.5578304182055475, 0.6153658979264484]",0.9542213307121084,0.047236596948491166,0.7569784668474965,liver,275.0215759277344,10.466557502746582,11.233112812042236,253.32129406929016,2.1770424842834473,1;2;8;12,4,196,4608,0.9574652777777778,20000,gpu-eval-v4-protocol-fixes,shared_dataset_all_methods,True,0.03848200663924217,True,False,1e-05
random4_uvarfs_seed2027,0.6719778820619157,0.6054299997007568,0.5452680091839284,8.0108642578125,"[0.6438272967772813, 0.6981254663357154]",0.9798335334278515,0.16286965579947155,0.9477979051805556,liver,275.0215802192688,10.466557502746582,11.233112812042236,253.32129406929016,2.1770424842834473,1;2;5;6,4,210,4608,0.9544270833333334,20000,gpu-eval-v4-protocol-fixes,shared_dataset_all_methods,True,0.13905125856399536,False,False,0.0001
randomk_raw_seed42,0.6125159154570919,0.5289266199136111,0.9047311525791883,29.296875,"[0.5835530870691534, 0.6402460125302268]",0.9619074157837405,0.058382187590370595,0.9139233356966314,liver,275.02158403396606,10.466557502746582,11.233112812042236,253.32129406929016,2.1770424842834473,1;10,2,768,4608,0.8333333333333334,20000,gpu-eval-v4-protocol-fixes,shared_dataset_all_methods,True,,,,
randomk_uvarfs_seed42,0.6031103350431082,0.5123147056805559,0.5006601314526051,5.950927734375,"[0.5738116891069758, 0.6302725015909598]",0.9600369976871048,0.050478852606002086,0.9059175240450816,liver,275.0215871334076,10.466557502746582,11.233112812042236,253.32129406929016,2.1770424842834473,1;10,2,156,4608,0.9661458333333334,20000,gpu-eval-v4-protocol-fixes,shared_dataset_all_methods,True,0.0858229398727417,False,False,1e-06
randomk_raw_seed123,0.6211075339226599,0.5440350892677098,0.905233935918659,29.296875,"[0.59176519031405, 0.6477836344876071]",0.9664607109517205,0.07828809254410435,0.927311617181612,liver,275.0215902328491,10.466557502746582,11.233112812042236,253.32129406929016,2.1770424842834473,1;9,2,768,4608,0.8333333333333334,20000,gpu-eval-v4-protocol-fixes,shared_dataset_all_methods,True,,,,
randomk_uvarfs_seed123,0.6163583615264288,0.5407314179067111,0.5502784615382552,6.82830810546875,"[0.5870305641919413, 0.6430289468957039]",0.9666457592751362,0.0793014590601976,0.9265802337366521,liver,275.0215926170349,10.466557502746582,11.233112812042236,253.32129406929016,2.1770424842834473,1;9,2,179,4608,0.9611545138888888,20000,gpu-eval-v4-protocol-fixes,shared_dataset_all_methods,True,0.07552516460418701,False,False,1e-06
randomk_raw_seed3407,0.642156862745098,0.6099016040944767,0.9051283770240843,29.296875,"[0.6144976988089011, 0.6690267437555567]",0.974305885942041,0.14147256799539754,0.9341604855022145,liver,275.0215961933136,10.466557502746582,11.233112812042236,253.32129406929016,2.1770424842834473,2;7,2,768,4608,0.8333333333333334,20000,gpu-eval-v4-protocol-fixes,shared_dataset_all_methods,True,,,,
randomk_uvarfs_seed3407,0.6339617665247917,0.6008982327128851,0.604880737606436,8.81195068359375,"[0.6062511462494613, 0.6607830863544853]",0.9746656891605269,0.14465542974632103,0.9331555963092768,liver,275.02159905433655,10.466557502746582,11.233112812042236,253.32129406929016,2.1770424842834473,2;7,2,231,4608,0.9498697916666666,20000,gpu-eval-v4-protocol-fixes,shared_dataset_all_methods,True,0.043434567749500275,True,False,1e-05
randomk_raw_seed2026,0.6130161155371239,0.5309672984590099,0.9047197338659316,29.296875,"[0.5836420248450651, 0.6414187188040066]",0.9617877522514489,0.05892800736832975,0.9140138384735707,liver,275.0216031074524,10.466557502746582,11.233112812042236,253.32129406929016,2.1770424842834473,3;10,2,768,4608,0.8333333333333334,20000,gpu-eval-v4-protocol-fixes,shared_dataset_all_methods,True,,,,
randomk_uvarfs_seed2026,0.6054321728691476,0.519217733604469,0.5479439902119339,8.1634521484375,"[0.5756789964698856, 0.6331752873958617]",0.9603545082106394,0.0525793960389751,0.9081831709155679,liver,275.02160573005676,10.466557502746582,11.233112812042236,253.32129406929016,2.1770424842834473,3;10,2,214,4608,0.9535590277777778,20000,gpu-eval-v4-protocol-fixes,shared_dataset_all_methods,True,0.04905393719673157,True,False,1e-05
randomk_raw_seed2027,0.6144203135799775,0.5455398736037569,0.9050461624283344,29.296875,"[0.5864714104059932, 0.6419814451166783]",0.9714717908464928,0.101792703139536,0.9233980838739153,liver,275.0216085910797,10.466557502746582,11.233112812042236,253.32129406929016,2.1770424842834473,1;7,2,768,4608,0.8333333333333334,20000,gpu-eval-v4-protocol-fixes,shared_dataset_all_methods,True,,,,
randomk_uvarfs_seed2027,0.6288197097020627,0.5899591741135976,0.5475771890487522,8.1634521484375,"[0.6011145530634019, 0.65535784057643]",0.9744734247869847,0.13601472180339685,0.9328169673051941,liver,275.02161145210266,10.466557502746582,11.233112812042236,253.32129406929016,2.1770424842834473,1;7,2,214,4608,0.9535590277777778,20000,gpu-eval-v4-protocol-fixes,shared_dataset_all_methods,True,0.04930393770337105,True,False,1e-05
main,0.917520433485873,0.9625250893995579,0.28985582920722663,3.62396240234375,"[0.8969825408408059, 0.9375250516792955]",,,,oct2017,92.02398943901062,10.349927425384521,11.040029048919678,70.63321137428284,2.1370816230773926,2;1,2,95,4608,0.9793836805555556,20000,gpu-eval-v4-protocol-fixes,shared_dataset_all_methods,True,0.06284788995981216,False,False,1e-06
last_raw,0.8383762493454454,0.9465634889549145,0.3863169683609158,14.6484375,"[0.8138287782803031, 0.8616516679572579]",,,,oct2017,92.02401614189148,10.349927425384521,11.040029048919678,70.63321137428284,2.1370816230773926,12,1,384,4608,0.9166666666666666,20000,gpu-eval-v4-protocol-fixes,shared_dataset_all_methods,True,,,,
fixed4_raw,0.838396170571227,0.9464123869454011,0.8709513123612851,58.59375,"[0.8140815158703457, 0.8620466745550927]",,,,oct2017,92.02403426170349,10.349927425384521,11.040029048919678,70.63321137428284,2.1370816230773926,3;6;9;12,4,1536,4608,0.6666666666666667,20000,gpu-eval-v4-protocol-fixes,shared_dataset_all_methods,True,,,,
all_raw,0.8228661521298637,0.9399706998405513,2.339815620565787,175.78125,"[0.7963929214726736, 0.8478173062283029]",,,,oct2017,92.0240478515625,10.349927425384521,11.040029048919678,70.63321137428284,2.1370816230773926,1;2;3;4;5;6;7;8;9;10;11;12,12,4608,4608,0.0,20000,gpu-eval-v4-protocol-fixes,shared_dataset_all_methods,True,,,,
asls_raw,0.8920241103749743,0.953101682081811,0.5563395963981748,29.296875,"[0.8691578822817356, 0.9130522157914508]",,,,oct2017,92.02406096458435,10.349927425384521,11.040029048919678,70.63321137428284,2.1370816230773926,2;1,2,768,4608,0.8333333333333334,20000,gpu-eval-v4-protocol-fixes,shared_dataset_all_methods,True,,,,
asls_pca,0.44298260592400335,0.7531429789886152,0.2954468356911093,3.62396240234375,"[0.40469950058758986, 0.4803283582522377]",,,,oct2017,92.02406644821167,10.349927425384521,11.040029048919678,70.63321137428284,2.1370816230773926,2;1,2,95,4608,0.9793836805555556,20000,gpu-eval-v4-protocol-fixes,shared_dataset_all_methods,True,,,,
fixed4_uvarfs,0.8351404731006534,0.9448508888562919,0.3405099883675575,6.14166259765625,"[0.8101825946491008, 0.8601197370300753]",,,,oct2017,92.02407026290894,10.349927425384521,11.040029048919678,70.63321137428284,2.1370816230773926,3;6;9;12,4,161,4608,0.9650607638888888,20000,gpu-eval-v4-protocol-fixes,shared_dataset_all_methods,True,0.049712151288986206,True,False,1e-06
all_uvarfs,0.8230739020558705,0.9410453991422483,0.34259565849788487,9.765625,"[0.7972110396766777, 0.8482055731513651]",,,,oct2017,92.02408933639526,10.349927425384521,11.040029048919678,70.63321137428284,2.1370816230773926,1;2;3;4;5;6;7;8;9;10;11;12,12,256,4608,0.9444444444444444,20000,gpu-eval-v4-protocol-fixes,shared_dataset_all_methods,True,0.04616495594382286,True,False,1e-06
asls_random_seed42,0.6773842861371037,0.8649076463923027,0.290920851752162,3.62396240234375,"[0.6413030882989061, 0.7119850930571309]",,,,oct2017,92.02409648895264,10.349927425384521,11.040029048919678,70.63321137428284,2.1370816230773926,2;1,2,95,4608,0.9793836805555556,20000,gpu-eval-v4-protocol-fixes,shared_dataset_all_methods,True,,,,
asls_random_seed123,0.7017849418300207,0.8712336374804349,0.290156812639907,3.62396240234375,"[0.6658209547982658, 0.737104862571374]",,,,oct2017,92.02410650253296,10.349927425384521,11.040029048919678,70.63321137428284,2.1370816230773926,2;1,2,95,4608,0.9793836805555556,20000,gpu-eval-v4-protocol-fixes,shared_dataset_all_methods,True,,,,
asls_random_seed3407,0.8103584682284908,0.9274668999265684,0.290290359640494,3.62396240234375,"[0.78122995878983, 0.8367744959788626]",,,,oct2017,92.02412056922913,10.349927425384521,11.040029048919678,70.63321137428284,2.1370816230773926,2;1,2,95,4608,0.9793836805555556,20000,gpu-eval-v4-protocol-fixes,shared_dataset_all_methods,True,,,,
asls_random_seed2026,0.5260968057737405,0.7788253154046567,0.2897249413654208,3.62396240234375,"[0.48867720633512024, 0.5663358957476471]",,,,oct2017,92.02412557601929,10.349927425384521,11.040029048919678,70.63321137428284,2.1370816230773926,2;1,2,95,4608,0.9793836805555556,20000,gpu-eval-v4-protocol-fixes,shared_dataset_all_methods,True,,,,
asls_random_seed2027,0.7333401634678869,0.8714875472951775,0.28968479903414845,3.62396240234375,"[0.6952987947256117, 0.7678068348633238]",,,,oct2017,92.0241289138794,10.349927425384521,11.040029048919678,70.63321137428284,2.1370816230773926,2;1,2,95,4608,0.9793836805555556,20000,gpu-eval-v4-protocol-fixes,shared_dataset_all_methods,True,,,,
random4_uvarfs_seed42,0.7357364023404594,0.9020508992788006,0.36198864690959454,7.66754150390625,"[0.7000546786277149, 0.7670595621697527]",,,,oct2017,92.0241346359253,10.349927425384521,11.040029048919678,70.63321137428284,2.1370816230773926,1;6;8;11,4,201,4608,0.9563802083333334,20000,gpu-eval-v4-protocol-fixes,shared_dataset_all_methods,True,0.06546013057231903,False,False,1e-06
random4_uvarfs_seed123,0.8237626072900304,0.9408933876476967,0.3271055188961327,6.6375732421875,"[0.7981629518665857, 0.8489518469759245]",,,,oct2017,92.02414011955261,10.349927425384521,11.040029048919678,70.63321137428284,2.1370816230773926,1;7;11;12,4,174,4608,0.9622395833333334,20000,gpu-eval-v4-protocol-fixes,shared_dataset_all_methods,True,0.05928302928805351,False,False,1e-06
random4_uvarfs_seed3407,0.9141878970015709,0.9719394373093273,0.3411542840767652,9.765625,"[0.8971861321850183, 0.9321469529852614]",,,,oct2017,92.02414560317993,10.349927425384521,11.040029048919678,70.63321137428284,2.1370816230773926,2;5;6;9,4,256,4608,0.9444444444444444,20000,gpu-eval-v4-protocol-fixes,shared_dataset_all_methods,True,0.0873439684510231,False,False,1e-05
random4_uvarfs_seed2026,0.8376192427657492,0.9457634756002578,0.3267009947448969,5.91278076171875,"[0.8124444165407902, 0.8620153336968522]",,,,oct2017,92.02415084838867,10.349927425384521,11.040029048919678,70.63321137428284,2.1370816230773926,1;2;8;12,4,155,4608,0.9663628472222222,20000,gpu-eval-v4-protocol-fixes,shared_dataset_all_methods,True,0.04807281494140625,True,False,5e-06
random4_uvarfs_seed2027,0.975303371809758,0.9904105551145199,0.36038601445034146,8.50677490234375,"[0.9641514298933038, 0.9846345922232653]",,,,oct2017,92.02415895462036,10.349927425384521,11.040029048919678,70.63321137428284,2.1370816230773926,1;2;5;6,4,223,4608,0.9516059027777778,20000,gpu-eval-v4-protocol-fixes,shared_dataset_all_methods,True,0.12182419002056122,False,True,5e-05
randomk_raw_seed42,0.8392470915010359,0.942715181450607,0.556481413776055,29.296875,"[0.8120265931684385, 0.8647207897912256]",,,,oct2017,92.02416443824768,10.349927425384521,11.040029048919678,70.63321137428284,2.1370816230773926,1;10,2,768,4608,0.8333333333333334,20000,gpu-eval-v4-protocol-fixes,shared_dataset_all_methods,True,,,,
randomk_uvarfs_seed42,0.7677611957288892,0.9132739998936019,0.3255221666768193,5.53131103515625,"[0.7341864950443875, 0.7992148650861765]",,,,oct2017,92.0241687297821,10.349927425384521,11.040029048919678,70.63321137428284,2.1370816230773926,1;10,2,145,4608,0.9685329861111112,20000,gpu-eval-v4-protocol-fixes,shared_dataset_all_methods,True,0.10058359056711197,False,False,1e-06
randomk_raw_seed123,0.913032465906245,0.9712052880804524,0.5569071569480002,29.296875,"[0.8951746346786438, 0.9308613486888531]",,,,oct2017,92.02417969703674,10.349927425384521,11.040029048919678,70.63321137428284,2.1370816230773926,1;9,2,768,4608,0.8333333333333334,20000,gpu-eval-v4-protocol-fixes,shared_dataset_all_methods,True,,,,
randomk_uvarfs_seed123,0.9087721694784054,0.9699107483997471,0.3466140469536185,7.28607177734375,"[0.8905026641720366, 0.9272427199105252]",,,,oct2017,92.02418541908264,10.349927425384521,11.040029048919678,70.63321137428284,2.1370816230773926,1;9,2,191,4608,0.9585503472222222,20000,gpu-eval-v4-protocol-fixes,shared_dataset_all_methods,True,0.08593690395355225,False,False,1e-06
randomk_raw_seed3407,0.9412437675022198,0.9806339480034599,0.5578103258740157,29.296875,"[0.9271448347808174, 0.9554438692543377]",,,,oct2017,92.02419066429138,10.349927425384521,11.040029048919678,70.63321137428284,2.1370816230773926,2;7,2,768,4608,0.8333333333333334,20000,gpu-eval-v4-protocol-fixes,shared_dataset_all_methods,True,,,,
randomk_uvarfs_seed3407,0.9440754274525874,0.9815185625570744,0.4009518960956484,9.765625,"[0.9301305989067926, 0.9579786140986907]",,,,oct2017,92.02419471740723,10.349927425384521,11.040029048919678,70.63321137428284,2.1370816230773926,2;7,2,256,4608,0.9444444444444444,20000,gpu-eval-v4-protocol-fixes,shared_dataset_all_methods,True,0.07070055603981018,False,False,1e-06
randomk_raw_seed2026,0.8395658311135396,0.942892349304592,0.7101416308432817,29.296875,"[0.8121447250634193, 0.8647779921681124]",,,,oct2017,92.02420020103455,10.349927425384521,11.040029048919678,70.63321137428284,2.1370816230773926,3;10,2,768,4608,0.8333333333333334,20000,gpu-eval-v4-protocol-fixes,shared_dataset_all_methods,True,,,,
randomk_uvarfs_seed2026,0.7612697220135236,0.9105122277885117,0.38513161544688046,5.340576171875,"[0.726665328054612, 0.7933755463535276]",,,,oct2017,92.02420377731323,10.349927425384521,11.040029048919678,70.63321137428284,2.1370816230773926,3;10,2,140,4608,0.9696180555555556,20000,gpu-eval-v4-protocol-fixes,shared_dataset_all_methods,True,0.10447331517934799,False,False,1e-06
randomk_raw_seed2027,0.9444510848530383,0.9817404318202738,0.6550418899860233,29.296875,"[0.93109460315743, 0.9581321067290178]",,,,oct2017,92.02421188354492,10.349927425384521,11.040029048919678,70.63321137428284,2.1370816230773926,1;7,2,768,4608,0.8333333333333334,20000,gpu-eval-v4-protocol-fixes,shared_dataset_all_methods,True,,,,
randomk_uvarfs_seed2027,0.9425244177310295,0.9810244511897388,0.36192312790080905,9.765625,"[0.9284311750129393, 0.9563628632538997]",,,,oct2017,92.02421593666077,10.349927425384521,11.040029048919678,70.63321137428284,2.1370816230773926,1;7,2,256,4608,0.9444444444444444,20000,gpu-eval-v4-protocol-fixes,shared_dataset_all_methods,True,0.07107345759868622,False,False,1e-06
main,0.9057333866449397,0.8988749525087131,0.6654756348580122,8.392333984375,"[0.8929604251328662, 0.9190057217800638]",0.9699762486564047,0.5031192544073035,0.8444738228708321,resc,323.6038980484009,10.36102032661438,11.384198665618896,301.8578736782074,2.1806082725524902,4;3,2,220,4608,0.9522569444444444,20000,gpu-eval-v4-protocol-fixes,shared_dataset_all_methods,True,0.07116598635911942,False,False,1e-06
last_raw,0.8875672053150665,0.8475269645157557,0.7696486113127321,14.6484375,"[0.8705547650817956, 0.9023174701848449]",0.9762542700412561,0.5170270776036529,0.7604203733296503,resc,323.6039237976074,10.36102032661438,11.384198665618896,301.8578736782074,2.1806082725524902,12,1,384,4608,0.9166666666666666,20000,gpu-eval-v4-protocol-fixes,shared_dataset_all_methods,True,,,,
fixed4_raw,0.8931580085600334,0.8558329615797101,1.7686141098383814,58.59375,"[0.8769504251483425, 0.9074161119174076]",0.9777560972798449,0.5337945826947275,0.7768780354365632,resc,323.6039328575134,10.36102032661438,11.384198665618896,301.8578736782074,2.1806082725524902,3;6;9;12,4,1536,4608,0.6666666666666667,20000,gpu-eval-v4-protocol-fixes,shared_dataset_all_methods,True,,,,
all_raw,0.8993611408683756,0.8750267522160761,4.689933551941067,175.78125,"[0.8842742702233639, 0.9136818616642728]",0.980052182553085,0.575071457806358,0.854236593173514,resc,323.60393953323364,10.36102032661438,11.384198665618896,301.8578736782074,2.1806082725524902,1;2;3;4;5;6;7;8;9;10;11;12,12,4608,4608,0.0,20000,gpu-eval-v4-protocol-fixes,shared_dataset_all_methods,True,,,,
asls_raw,0.9159424335239477,0.9044236528430907,1.0877240637782961,29.296875,"[0.9036338697809201, 0.9274060333637022]",0.9521242579229312,0.49077458333402607,0.7843690836052127,resc,323.603951215744,10.36102032661438,11.384198665618896,301.8578736782074,2.1806082725524902,4;3,2,768,4608,0.8333333333333334,20000,gpu-eval-v4-protocol-fixes,shared_dataset_all_methods,True,,,,
asls_pca,0.6051068495355352,0.5257498293520617,0.6755051098298281,8.392333984375,"[0.5787584840437086, 0.6306196785675893]",0.7213879901625978,0.04525587800088965,0.16753948914920377,resc,323.603964805603,10.36102032661438,11.384198665618896,301.8578736782074,2.1806082725524902,4;3,2,220,4608,0.9522569444444444,20000,gpu-eval-v4-protocol-fixes,shared_dataset_all_methods,True,,,,
fixed4_uvarfs,0.8761202981426437,0.825121090504452,0.6189535148441792,7.62939453125,"[0.8584222049506199, 0.8917441252905923]",0.9736276954570315,0.47182903333968695,0.7140935223730931,resc,323.603981256485,10.36102032661438,11.384198665618896,301.8578736782074,2.1806082725524902,3;6;9;12,4,200,4608,0.9565972222222222,20000,gpu-eval-v4-protocol-fixes,shared_dataset_all_methods,True,0.04615221545100212,True,False,5e-06
all_uvarfs,0.88087747886396,0.8362849740013079,0.6608406989835203,9.765625,"[0.863703851220103, 0.8962697371865972]",0.9763134813530164,0.5031878933727034,0.8099975904329884,resc,323.6039934158325,10.36102032661438,11.384198665618896,301.8578736782074,2.1806082725524902,1;2;3;4;5;6;7;8;9;10;11;12,12,256,4608,0.9444444444444444,20000,gpu-eval-v4-protocol-fixes,shared_dataset_all_methods,True,0.06820950657129288,False,False,1e-05
asls_random_seed42,0.9187708405630912,0.9082395580520639,0.6629253521095961,8.392333984375,"[0.9059452524569662, 0.9310335577275564]",0.9315618644050797,0.4224703154574314,0.6738149352437183,resc,323.6040086746216,10.36102032661438,11.384198665618896,301.8578736782074,2.1806082725524902,4;3,2,220,4608,0.9522569444444444,20000,gpu-eval-v4-protocol-fixes,shared_dataset_all_methods,True,,,,
asls_random_seed123,0.8668473477475847,0.8437975327348626,0.6627864094916731,8.392333984375,"[0.8499193198976636, 0.8839677582847805]",0.9564142739536718,0.3261787190334985,0.8518309124932507,resc,323.60401606559753,10.36102032661438,11.384198665618896,301.8578736782074,2.1806082725524902,4;3,2,220,4608,0.9522569444444444,20000,gpu-eval-v4-protocol-fixes,shared_dataset_all_methods,True,,,,
asls_random_seed3407,0.9139338181671872,0.9052734153641142,0.6627963264472783,8.392333984375,"[0.9016427298297689, 0.9260061138218777]",0.958625171192145,0.48100177365520996,0.807324050318042,resc,323.60402178764343,10.36102032661438,11.384198665618896,301.8578736782074,2.1806082725524902,4;3,2,220,4608,0.9522569444444444,20000,gpu-eval-v4-protocol-fixes,shared_dataset_all_methods,True,,,,
asls_random_seed2026,0.9218111109434646,0.9098060627136267,0.6625884247478098,8.392333984375,"[0.9097875928504259, 0.9335846104890323]",0.9285992761328905,0.4407592216472864,0.6727182032578568,resc,323.60403060913086,10.36102032661438,11.384198665618896,301.8578736782074,2.1806082725524902,4;3,2,220,4608,0.9522569444444444,20000,gpu-eval-v4-protocol-fixes,shared_dataset_all_methods,True,,,,
asls_random_seed2027,0.7782771549708043,0.7459539442080055,0.6625673021189868,8.392333984375,"[0.7551727803236308, 0.7990226055215227]",0.9437113828313929,0.33549058983068314,0.7836705995496913,resc,323.6040406227112,10.36102032661438,11.384198665618896,301.8578736782074,2.1806082725524902,4;3,2,220,4608,0.9522569444444444,20000,gpu-eval-v4-protocol-fixes,shared_dataset_all_methods,True,,,,
random4_uvarfs_seed42,0.8596433654711789,0.8493929366113889,0.66113889683038,9.765625,"[0.842576706738043, 0.8778544281469696]",0.9789411730176649,0.5572353000015201,0.895257671465319,resc,323.604052066803,10.36102032661438,11.384198665618896,301.8578736782074,2.1806082725524902,1;6;8;11,4,256,4608,0.9444444444444444,20000,gpu-eval-v4-protocol-fixes,shared_dataset_all_methods,True,0.057780493050813675,False,False,2e-06
random4_uvarfs_seed123,0.8746737178810146,0.8283047018128831,0.6865123049356043,8.9263916015625,"[0.8568121648654616, 0.8904930045486816]",0.9742760407296417,0.4820977734798805,0.7521370891913414,resc,323.60406255722046,10.36102032661438,11.384198665618896,301.8578736782074,2.1806082725524902,1;7;11;12,4,234,4608,0.94921875,20000,gpu-eval-v4-protocol-fixes,shared_dataset_all_methods,True,0.061267588287591934,False,False,1e-06
random4_uvarfs_seed3407,0.9383446243292042,0.9308913583678785,0.6584921691101044,9.765625,"[0.9279320599817613, 0.9490117729523577]",0.9826866439916564,0.6397471899881121,0.9238963493985893,resc,323.60407185554504,10.36102032661438,11.384198665618896,301.8578736782074,2.1806082725524902,2;5;6;9,4,256,4608,0.9444444444444444,20000,gpu-eval-v4-protocol-fixes,shared_dataset_all_methods,True,0.1036929190158844,False,True,5e-05
random4_uvarfs_seed2026,0.8767150243171336,0.826482245046409,0.6346586076542735,7.0953369140625,"[0.8588011419811118, 0.8925221116642159]",0.9731541343103279,0.46650137088836685,0.662881390939038,resc,323.6040778160095,10.36102032661438,11.384198665618896,301.8578736782074,2.1806082725524902,1;2;8;12,4,186,4608,0.9596354166666666,20000,gpu-eval-v4-protocol-fixes,shared_dataset_all_methods,True,0.04932410269975662,True,False,1e-05
random4_uvarfs_seed2027,0.9342368644728438,0.9305372009229507,0.7018369163852185,8.12530517578125,"[0.9232503078381883, 0.9450168333727355]",0.9800121854558201,0.637534660960442,0.8982202622132612,resc,323.6040852069855,10.36102032661438,11.384198665618896,301.8578736782074,2.1806082725524902,1;2;5;6,4,213,4608,0.9537760416666666,20000,gpu-eval-v4-protocol-fixes,shared_dataset_all_methods,True,0.14556735754013062,False,True,0.0001
randomk_raw_seed42,0.9199904692930178,0.908866763892445,1.0937681880313903,29.296875,"[0.907481462722649, 0.9321435346609908]",0.9828911023099344,0.6337957790041551,0.921023420480218,resc,323.60409140586853,10.36102032661438,11.384198665618896,301.8578736782074,2.1806082725524902,1;10,2,768,4608,0.8333333333333334,20000,gpu-eval-v4-protocol-fixes,shared_dataset_all_methods,True,,,,
randomk_uvarfs_seed42,0.916566707404781,0.9035901446516923,0.6587635800242424,7.5531005859375,"[0.9035494099151361, 0.9292866796106992]",0.9820309228715879,0.6109506572530256,0.9179098962512452,resc,323.6040961742401,10.36102032661438,11.384198665618896,301.8578736782074,2.1806082725524902,1;10,2,198,4608,0.95703125,20000,gpu-eval-v4-protocol-fixes,shared_dataset_all_methods,True,0.08558029681444168,False,False,1e-06
randomk_raw_seed123,0.9362731415121385,0.9294462680079169,1.093616394791752,29.296875,"[0.9256101638052805, 0.9472496120093715]",0.9826227943795822,0.6381892462137391,0.9224996519429581,resc,323.6041028499603,10.36102032661438,11.384198665618896,301.8578736782074,2.1806082725524902,1;9,2,768,4608,0.8333333333333334,20000,gpu-eval-v4-protocol-fixes,shared_dataset_all_methods,True,,,,
randomk_uvarfs_seed123,0.9364680306390855,0.9279020120762675,0.7221219292841852,9.34600830078125,"[0.9253415374975936, 0.9468685531550001]",0.9824244463062113,0.6313175724189843,0.9231594735171408,resc,323.60410737991333,10.36102032661438,11.384198665618896,301.8578736782074,2.1806082725524902,1;9,2,245,4608,0.9468315972222222,20000,gpu-eval-v4-protocol-fixes,shared_dataset_all_methods,True,0.06309258192777634,False,False,1e-06
randomk_raw_seed3407,0.9385149951466321,0.9353640721946939,1.0937999852467328,29.296875,"[0.9273802779793169, 0.949091096309574]",0.9804927085145968,0.6648207397605838,0.8980214592728122,resc,323.60411262512207,10.36102032661438,11.384198665618896,301.8578736782074,2.1806082725524902,2;7,2,768,4608,0.8333333333333334,20000,gpu-eval-v4-protocol-fixes,shared_dataset_all_methods,True,,,,
randomk_uvarfs_seed3407,0.9365434715914521,0.9327377359069381,0.6596252452582121,9.765625,"[0.925104183381294, 0.9474767860343571]",0.9814078373865228,0.6658888773572174,0.9021215173836388,resc,323.6041166782379,10.36102032661438,11.384198665618896,301.8578736782074,2.1806082725524902,2;7,2,256,4608,0.9444444444444444,20000,gpu-eval-v4-protocol-fixes,shared_dataset_all_methods,True,0.05758455768227577,False,False,5e-06
randomk_raw_seed2026,0.9202180494993235,0.9091815100203764,1.09391382872127,29.296875,"[0.9077310705515517, 0.9323386076312989]",0.9828992405093275,0.6344171390117228,0.9206071720700195,resc,323.6041216850281,10.36102032661438,11.384198665618896,301.8578736782074,2.1806082725524902,3;10,2,768,4608,0.8333333333333334,20000,gpu-eval-v4-protocol-fixes,shared_dataset_all_methods,True,,,,
randomk_uvarfs_seed2026,0.9156607873017789,0.9026107199858182,0.6624676873907447,8.1634521484375,"[0.9028765504852122, 0.9285894524454719]",0.982193616965729,0.6156754397267687,0.9185064293397516,resc,323.6041257381439,10.36102032661438,11.384198665618896,301.8578736782074,2.1806082725524902,3;10,2,214,4608,0.9535590277777778,20000,gpu-eval-v4-protocol-fixes,shared_dataset_all_methods,True,0.07406561076641083,False,False,1e-06
randomk_raw_seed2027,0.9381843123054252,0.9350091972990923,1.0940631567500532,29.296875,"[0.927013593873303, 0.9488368526640987]",0.980743345965317,0.6651061103508947,0.8995220790037317,resc,323.6041302680969,10.36102032661438,11.384198665618896,301.8578736782074,2.1806082725524902,1;7,2,768,4608,0.8333333333333334,20000,gpu-eval-v4-protocol-fixes,shared_dataset_all_methods,True,,,,
randomk_uvarfs_seed2027,0.9370376098294533,0.9335204790123488,0.6597746906336397,9.765625,"[0.9255419732544783, 0.9481260091359672]",0.9811112503753312,0.665605253701264,0.9008465319313896,resc,323.60413432121277,10.36102032661438,11.384198665618896,301.8578736782074,2.1806082725524902,1;7,2,256,4608,0.9444444444444444,20000,gpu-eval-v4-protocol-fixes,shared_dataset_all_methods,True,0.05779358744621277,False,True,1e-05
main,0.7133084366074705,0.9786173572578429,5.184853199170902,3.31878662109375,"[0.6962532236852546, 0.7323456986318639]",,,,xray,502.7831017971039,10.671238660812378,11.598727941513062,480.5125632286072,2.1521735191345215,2;1,2,87,4608,0.9811197916666666,20000,gpu-eval-v4-protocol-fixes,shared_dataset_all_methods,True,0.05324811860918999,False,False,1e-06
last_raw,0.7774852980675744,0.9818686029381695,6.972185796592385,14.6484375,"[0.7596988905235179, 0.7949114657924001]",,,,xray,502.783118724823,10.671238660812378,11.598727941513062,480.5125632286072,2.1521735191345215,12,1,384,4608,0.9166666666666666,20000,gpu-eval-v4-protocol-fixes,shared_dataset_all_methods,True,,,,
fixed4_raw,0.7787680481564495,0.9820186410779455,15.80616344162263,58.59375,"[0.7610333964174687, 0.7962154197158582]",,,,xray,502.783123254776,10.671238660812378,11.598727941513062,480.5125632286072,2.1521735191345215,3;6;9;12,4,1536,4608,0.6666666666666667,20000,gpu-eval-v4-protocol-fixes,shared_dataset_all_methods,True,,,,
all_raw,0.7800954600725993,0.9822299574896776,43.850413240958005,175.78125,"[0.7623910923868483, 0.7973792646904235]",,,,xray,502.78312945365906,10.671238660812378,11.598727941513062,480.5125632286072,2.1521735191345215,1;2;3;4;5;6;7;8;9;10;11;12,12,4608,4608,0.0,20000,gpu-eval-v4-protocol-fixes,shared_dataset_all_methods,True,,,,
asls_raw,0.6903345876870813,0.9763702742300127,14.852970209205523,29.296875,"[0.6719720266908312, 0.710068598492991]",,,,xray,502.7831404209137,10.671238660812378,11.598727941513062,480.5125632286072,2.1521735191345215,2;1,2,768,4608,0.8333333333333334,20000,gpu-eval-v4-protocol-fixes,shared_dataset_all_methods,True,,,,
asls_pca,0.7204025290530062,0.9809259627809446,6.938291718484834,3.31878662109375,"[0.7031441054128797, 0.7371596426682838]",,,,xray,502.7831470966339,10.671238660812378,11.598727941513062,480.5125632286072,2.1521735191345215,2;1,2,87,4608,0.9811197916666666,20000,gpu-eval-v4-protocol-fixes,shared_dataset_all_methods,True,,,,
fixed4_uvarfs,0.7700203759347876,0.9811923863049883,5.938018878689036,6.103515625,"[0.752221662992517, 0.7876484645650603]",,,,xray,502.7831528186798,10.671238660812378,11.598727941513062,480.5125632286072,2.1521735191345215,3;6;9;12,4,160,4608,0.9652777777777778,20000,gpu-eval-v4-protocol-fixes,shared_dataset_all_methods,True,0.047175705432891846,True,False,1e-05
all_uvarfs,0.7702301500021103,0.9810672916510157,6.7219005189836025,8.087158203125,"[0.7523540776715115, 0.7880109727812948]",,,,xray,502.7831599712372,10.671238660812378,11.598727941513062,480.5125632286072,2.1521735191345215,1;2;3;4;5;6;7;8;9;10;11;12,12,212,4608,0.9539930555555556,20000,gpu-eval-v4-protocol-fixes,shared_dataset_all_methods,True,0.04536427557468414,True,False,1e-05
asls_random_seed42,0.6103481414789953,0.970987625472055,5.408171484945342,3.31878662109375,"[0.5933981822580104, 0.6295632783305817]",,,,xray,502.7831654548645,10.671238660812378,11.598727941513062,480.5125632286072,2.1521735191345215,2;1,2,87,4608,0.9811197916666666,20000,gpu-eval-v4-protocol-fixes,shared_dataset_all_methods,True,,,,
asls_random_seed123,0.6227396337168478,0.9716429057006101,5.229734746972099,3.31878662109375,"[0.6046057611463296, 0.6406477153041898]",,,,xray,502.78316950798035,10.671238660812378,11.598727941513062,480.5125632286072,2.1521735191345215,2;1,2,87,4608,0.9811197916666666,20000,gpu-eval-v4-protocol-fixes,shared_dataset_all_methods,True,,,,
asls_random_seed3407,0.671370278689022,0.9751903319981978,5.210427561542019,3.31878662109375,"[0.6529403041988932, 0.6895715252953387]",,,,xray,502.7831745147705,10.671238660812378,11.598727941513062,480.5125632286072,2.1521735191345215,2;1,2,87,4608,0.9811197916666666,20000,gpu-eval-v4-protocol-fixes,shared_dataset_all_methods,True,,,,
asls_random_seed2026,0.5753124787173716,0.9683531135816678,5.168484556721523,3.31878662109375,"[0.5583590507885585, 0.5924529426170112]",,,,xray,502.7831783294678,10.671238660812378,11.598727941513062,480.5125632286072,2.1521735191345215,2;1,2,87,4608,0.9811197916666666,20000,gpu-eval-v4-protocol-fixes,shared_dataset_all_methods,True,,,,
asls_random_seed2027,0.6240122812613873,0.9722174375197818,5.180514198029414,3.31878662109375,"[0.6068679451128015, 0.6420233051827466]",,,,xray,502.7831828594208,10.671238660812378,11.598727941513062,480.5125632286072,2.1521735191345215,2;1,2,87,4608,0.9811197916666666,20000,gpu-eval-v4-protocol-fixes,shared_dataset_all_methods,True,,,,
random4_uvarfs_seed42,0.7752391007003677,0.9828875633464608,6.123560075415298,9.765625,"[0.75802794254222, 0.7926118702699352]",,,,xray,502.78318881988525,10.671238660812378,11.598727941513062,480.5125632286072,2.1521735191345215,1;6;8;11,4,256,4608,0.9444444444444444,20000,gpu-eval-v4-protocol-fixes,shared_dataset_all_methods,True,0.054779358208179474,False,False,1e-06
random4_uvarfs_seed123,0.7696042993308216,0.9810987083217761,5.95907620433718,7.171630859375,"[0.7517284363965439, 0.7872828167849573]",,,,xray,502.7831943035126,10.671238660812378,11.598727941513062,480.5125632286072,2.1521735191345215,1;7;11;12,4,188,4608,0.9592013888888888,20000,gpu-eval-v4-protocol-fixes,shared_dataset_all_methods,True,0.045088618993759155,True,False,5e-06
random4_uvarfs_seed3407,0.7852503320772634,0.9847351112397116,6.438363948371261,9.6893310546875,"[0.7692257402790326, 0.8011304251338376]",,,,xray,502.78319931030273,10.671238660812378,11.598727941513062,480.5125632286072,2.1521735191345215,2;5;6;9,4,254,4608,0.9448784722222222,20000,gpu-eval-v4-protocol-fixes,shared_dataset_all_methods,True,0.10503651946783066,False,False,5e-05
random4_uvarfs_seed2026,0.7683804482456015,0.9809184365993857,5.908790438668802,5.91278076171875,"[0.7504684396460468, 0.78619402088223]",,,,xray,502.78320574760437,10.671238660812378,11.598727941513062,480.5125632286072,2.1521735191345215,1;2;8;12,4,155,4608,0.9663628472222222,20000,gpu-eval-v4-protocol-fixes,shared_dataset_all_methods,True,0.04663800820708275,True,False,2e-05
random4_uvarfs_seed2027,0.8020078397304282,0.9855582334180049,6.412747953552753,9.002685546875,"[0.7854829518320687, 0.8186204865145023]",,,,xray,502.7832112312317,10.671238660812378,11.598727941513062,480.5125632286072,2.1521735191345215,1;2;5;6,4,236,4608,0.9487847222222222,20000,gpu-eval-v4-protocol-fixes,shared_dataset_all_methods,True,0.1201404258608818,False,True,5e-05
randomk_raw_seed42,0.7820764558995075,0.9841911137610222,10.051903082989156,29.296875,"[0.766380823844151, 0.7986298104649172]",,,,xray,502.78321623802185,10.671238660812378,11.598727941513062,480.5125632286072,2.1521735191345215,1;10,2,768,4608,0.8333333333333334,20000,gpu-eval-v4-protocol-fixes,shared_dataset_all_methods,True,,,,
randomk_uvarfs_seed42,0.7790054384453534,0.9840958358680073,6.719797814497724,9.04083251953125,"[0.7636078359637013, 0.7949153092891278]",,,,xray,502.7832193374634,10.671238660812378,11.598727941513062,480.5125632286072,2.1521735191345215,1;10,2,237,4608,0.9485677083333334,20000,gpu-eval-v4-protocol-fixes,shared_dataset_all_methods,True,0.06330293416976929,False,False,1e-06
randomk_raw_seed123,0.7844074132236298,0.9844996338345244,10.068846917944029,29.296875,"[0.7685874386326265, 0.8002921229407992]",,,,xray,502.7832250595093,10.671238660812378,11.598727941513062,480.5125632286072,2.1521735191345215,1;9,2,768,4608,0.8333333333333334,20000,gpu-eval-v4-protocol-fixes,shared_dataset_all_methods,True,,,,
randomk_uvarfs_seed123,0.7838268094690564,0.9845886758645448,6.149083490949124,9.765625,"[0.7677744364805766, 0.7995723796752335]",,,,xray,502.78322768211365,10.671238660812378,11.598727941513062,480.5125632286072,2.1521735191345215,1;9,2,256,4608,0.9444444444444444,20000,gpu-eval-v4-protocol-fixes,shared_dataset_all_methods,True,0.060100749135017395,False,False,1e-06
randomk_raw_seed3407,0.8149048882506474,0.9868507576101291,10.112798193469644,29.296875,"[0.7999950986623275, 0.8303776174499471]",,,,xray,502.7832329273224,10.671238660812378,11.598727941513062,480.5125632286072,2.1521735191345215,2;7,2,768,4608,0.8333333333333334,20000,gpu-eval-v4-protocol-fixes,shared_dataset_all_methods,True,,,,
randomk_uvarfs_seed3407,0.8151521080421481,0.9868511974199505,6.151377455331385,9.765625,"[0.7998414400328852, 0.8305159029650591]",,,,xray,502.78323554992676,10.671238660812378,11.598727941513062,480.5125632286072,2.1521735191345215,2;7,2,256,4608,0.9444444444444444,20000,gpu-eval-v4-protocol-fixes,shared_dataset_all_methods,True,0.07565761357545853,False,False,1e-06
randomk_raw_seed2026,0.7824037549324014,0.9842241081327839,10.121218758402392,29.296875,"[0.7667327646337784, 0.7989367273580861]",,,,xray,502.78324007987976,10.671238660812378,11.598727941513062,480.5125632286072,2.1521735191345215,3;10,2,768,4608,0.8333333333333334,20000,gpu-eval-v4-protocol-fixes,shared_dataset_all_methods,True,,,,
randomk_uvarfs_seed2026,0.7791851389154455,0.9840728917670181,6.160397806437686,8.392333984375,"[0.7636030124660588, 0.7949293193581396]",,,,xray,502.7832429409027,10.671238660812378,11.598727941513062,480.5125632286072,2.1521735191345215,3;10,2,220,4608,0.9522569444444444,20000,gpu-eval-v4-protocol-fixes,shared_dataset_all_methods,True,0.07875081896781921,False,False,1e-06
randomk_raw_seed2027,0.8149319193827885,0.9868208218467625,10.116372506599873,29.296875,"[0.8002130414014195, 0.8303901877075949]",,,,xray,502.7832462787628,10.671238660812378,11.598727941513062,480.5125632286072,2.1521735191345215,1;7,2,768,4608,0.8333333333333334,20000,gpu-eval-v4-protocol-fixes,shared_dataset_all_methods,True,,,,
randomk_uvarfs_seed2027,0.8156950320367673,0.9869834511938835,6.149146781070158,9.765625,"[0.8005735030408803, 0.8312468675807037]",,,,xray,502.7832486629486,10.671238660812378,11.598727941513062,480.5125632286072,2.1521735191345215,1;7,2,256,4608,0.9444444444444444,20000,gpu-eval-v4-protocol-fixes,shared_dataset_all_methods,True,0.07268419116735458,False,False,1e-06
