dataset,method_family,runs,image_auroc_mean,image_auroc_std,image_auprc_mean,image_auprc_std,pixel_auroc_mean,pixel_auroc_std,pixel_auprc_mean,pixel_auprc_std,aupro_mean,aupro_std,feature_dim_mean,feature_dim_std,selected_layer_count_mean,selected_layer_count_std,compression_ratio_mean,compression_ratio_std,matching_and_aggregation_seconds_mean,matching_and_aggregation_seconds_std
brain,all_raw,1,0.8818467987804878,0.0,0.967401592523669,0.0,0.978235058332386,0.0,0.6047664367681895,0.0,0.7930082935805134,0.0,4608.0,0.0,12.0,0.0,0.0,0.0,9.640986568992956,0.0
brain,all_uvarfs,1,0.8774418191056912,0.0,0.9656570711226038,0.0,0.9766764892610508,0.0,0.5657295815077855,0.0,0.7164365927294185,0.0,238.0,0.0,12.0,0.0,0.9483506944444444,0.0,1.41404962958768,0.0
brain,asls_pca,1,0.7034875508130082,0.0,0.9080745309651106,0.0,0.888194567714447,0.0,0.1233913551598222,0.0,0.6188127338185014,0.0,250.0,0.0,2.0,0.0,0.9457465277777778,0.0,1.4444915167987349,0.0
brain,asls_random,5,0.5472428353658536,0.06276417504166869,0.8390459336307471,0.031092003163171553,0.9006637793181497,0.038215015456841965,0.18184065285673498,0.0916921979533449,0.6592866289332596,0.0776654223074498,250.0,0.0,2.0,0.0,0.9457465277777779,1.2412670766236366e-16,1.418547292193398,0.0004027236215875918
brain,asls_raw,1,0.5987705792682926,0.0,0.8505333742692651,0.0,0.9284965017188296,0.0,0.2220394044353695,0.0,0.7151640178911413,0.0,768.0,0.0,2.0,0.0,0.8333333333333334,0.0,2.239144915016368,0.0
brain,fixed4_raw,1,0.8931905487804879,0.0,0.9715048165110296,0.0,0.9785871214189108,0.0,0.6121303521727927,0.0,0.7806501531413799,0.0,1536.0,0.0,4.0,0.0,0.6666666666666667,0.0,3.675917238695547,0.0
brain,fixed4_uvarfs,1,0.8754090447154472,0.0,0.9646612107811674,0.0,0.975935410418396,0.0,0.5506601368445527,0.0,0.7145763397602639,0.0,204.0,0.0,4.0,0.0,0.9557291666666666,0.0,1.3547134948894382,0.0
brain,last_raw,1,0.8932594004065041,0.0,0.9716517018932108,0.0,0.9783593594648448,0.0,0.6096547033939261,0.0,0.7744116736281978,0.0,384.0,0.0,1.0,0.0,0.9166666666666666,0.0,1.5910104401409626,0.0
brain,main,1,0.7155419207317073,0.0,0.9039051562654894,0.0,0.9361367819061012,0.0,0.2648100083019279,0.0,0.726036336060082,0.0,250.0,0.0,2.0,0.0,0.9457465277777778,0.0,1.599175940733403,0.0
brain,random4_uvarfs,5,0.8218771849593496,0.05215718915565836,0.9468181370167535,0.017832045535002453,0.9605699257292517,0.015117110869116887,0.4253487249930477,0.12457822269654474,0.7445807552793207,0.029300235817447392,239.4,22.733235581412515,4.0,0.0,0.948046875,0.004933427860549595,1.3783258569892496,0.0395996541493334
brain,randomk_raw,5,0.7950189024390244,0.016621564760944032,0.9368340571821532,0.006820492692061613,0.9519001772265521,0.0014671722596662083,0.33755288263039596,0.019780586958303554,0.783129961240952,0.00554648265962911,768.0,0.0,2.0,0.0,0.8333333333333334,0.0,2.2521500298287718,0.0005247992605742481
brain,randomk_uvarfs,5,0.7840345020325203,0.020122620947552343,0.9326188949362445,0.007353979174664123,0.9488236372587432,0.001641438466602546,0.3140080353150735,0.018186871071552486,0.7727508367534827,0.007715485867503628,253.2,3.8987177379235853,2.0,0.0,0.9450520833333333,0.0008460758979869133,1.3788015156518667,0.02827597528035704
liver,all_raw,1,0.6011022590854525,0.0,0.5463631420943073,0.0,0.9592122936559652,0.0,0.0519221198737662,0.0,0.88315942340568,0.0,4608.0,0.0,12.0,0.0,0.0,0.0,3.8689666723366822,0.0
liver,all_uvarfs,1,0.5977581941867656,0.0,0.5501695249644522,0.0,0.9550452797891232,0.0,0.0466875989112152,0.0,0.7824110125203515,0.0,231.0,0.0,12.0,0.0,0.9498697916666666,0.0,0.6050990580115467,0.0
liver,asls_pca,1,0.534231874568009,0.0,0.4498065045017593,0.0,0.977383452812706,0.0,0.0942229615503739,0.0,0.93728254522531,0.0,228.0,0.0,2.0,0.0,0.9505208333333334,0.0,0.575682230759412,0.0
liver,asls_random,5,0.6103799701698861,0.07397219101476547,0.5215907098070385,0.10381380295945397,0.9772189288846709,0.010538100493446986,0.16484832727255144,0.1447110047854543,0.9357158313892237,0.02806336373301202,228.0,0.0,2.0,0.0,0.9505208333333334,0.0,0.5641150340437889,9.577524284939193e-05
liver,asls_raw,1,0.6453399541634834,0.0,0.5422028734165605,0.0,0.9798661827341484,0.0,0.127505542588432,0.0,0.9442770617632618,0.0,768.0,0.0,2.0,0.0,0.8333333333333334,0.0,0.8998514437116683,0.0
liver,fixed4_raw,1,0.5935164975080942,0.0,0.544687117281753,0.0,0.9573465560687056,0.0,0.0515194293974065,0.0,0.843430753263275,0.0,1536.0,0.0,4.0,0.0,0.6666666666666667,0.0,1.5117490387056025,0.0
liver,fixed4_uvarfs,1,0.5877851140456182,0.0,0.5357071881781652,0.0,0.954117563103796,0.0,0.0470674057927132,0.0,0.7655631381458423,0.0,201.0,0.0,4.0,0.0,0.9563802083333334,0.0,0.5802947462070733,0.0
liver,last_raw,1,0.5922332569391393,0.0,0.544476054185376,0.0,0.9559027259521168,0.0,0.0497048537463852,0.0,0.8296724486913082,0.0,384.0,0.0,1.0,0.0,0.9166666666666666,0.0,0.6391746669542044,0.0
liver,main,1,0.6477527374586197,0.0,0.5565692436935233,0.0,0.9834061880434936,0.0,0.1732240604830723,0.0,0.9509746474787122,0.0,228.0,0.0,2.0,0.0,0.9505208333333334,0.0,0.5635807116050273,0.0
liver,random4_uvarfs,5,0.621325803048492,0.033471317438143584,0.5619897706781187,0.026658954147820674,0.9639022021016699,0.010707485357524006,0.07950229696264031,0.04986916442228179,0.87520045742972,0.08004911546546291,230.8,27.114571728131722,4.0,0.0,0.9499131944444444,0.005884238656278609,0.5491352524608374,0.009373769043702783
liver,randomk_raw,5,0.6206433482483902,0.012510023755307187,0.551874097067713,0.03328830476955776,0.9671867111550887,0.005625641091584264,0.08777271172754761,0.03487840521749662,0.9225614721455887,0.008738998091832834,768.0,0.0,2.0,0.0,0.8333333333333334,0.0,0.9049718723632395,0.00023463262026804095
liver,randomk_uvarfs,5,0.6175364691331078,0.0137214902844357,0.5526242528036438,0.040640398994280465,0.9672352758240784,0.0071956504849901,0.09260597185097849,0.04513118834948063,0.9213306984623545,0.013320507008246836,198.8,30.50737615725089,2.0,0.0,0.956857638888889,0.006620524339681195,0.5502681019715965,0.036932821870076536
resc,all_raw,1,0.8993611408683756,0.0,0.8750267522160761,0.0,0.980052182553085,0.0,0.575071457806358,0.0,0.854236593173514,0.0,4608.0,0.0,12.0,0.0,0.0,0.0,4.689933551941067,0.0
resc,all_uvarfs,1,0.88087747886396,0.0,0.8362849740013079,0.0,0.9763134813530164,0.0,0.5031878933727034,0.0,0.8099975904329884,0.0,256.0,0.0,12.0,0.0,0.9444444444444444,0.0,0.6608406989835203,0.0
resc,asls_pca,1,0.6051068495355352,0.0,0.5257498293520617,0.0,0.7213879901625978,0.0,0.0452558780008896,0.0,0.1675394891492037,0.0,220.0,0.0,2.0,0.0,0.9522569444444444,0.0,0.6755051098298281,0.0
resc,asls_random,5,0.8799280544784264,0.061080591584020016,0.8626141026145346,0.07087354250285464,0.9437823937030358,0.013781744086585798,0.4011801239248219,0.06769711704141766,0.7578717401725118,0.08101868533092269,220.0,0.0,2.0,0.0,0.9522569444444444,0.0,0.6627327629830688,0.0001518384480498435
resc,asls_raw,1,0.9159424335239476,0.0,0.9044236528430908,0.0,0.9521242579229312,0.0,0.490774583334026,0.0,0.7843690836052127,0.0,768.0,0.0,2.0,0.0,0.8333333333333334,0.0,1.087724063778296,0.0
resc,fixed4_raw,1,0.8931580085600334,0.0,0.8558329615797101,0.0,0.9777560972798448,0.0,0.5337945826947275,0.0,0.7768780354365632,0.0,1536.0,0.0,4.0,0.0,0.6666666666666667,0.0,1.7686141098383814,0.0
resc,fixed4_uvarfs,1,0.8761202981426437,0.0,0.825121090504452,0.0,0.9736276954570316,0.0,0.4718290333396869,0.0,0.7140935223730931,0.0,200.0,0.0,4.0,0.0,0.9565972222222222,0.0,0.6189535148441792,0.0
resc,last_raw,1,0.8875672053150665,0.0,0.8475269645157557,0.0,0.976254270041256,0.0,0.5170270776036529,0.0,0.7604203733296503,0.0,384.0,0.0,1.0,0.0,0.9166666666666666,0.0,0.7696486113127321,0.0
resc,main,1,0.9057333866449396,0.0,0.8988749525087131,0.0,0.9699762486564047,0.0,0.5031192544073035,0.0,0.8444738228708321,0.0,220.0,0.0,2.0,0.0,0.9522569444444444,0.0,0.6654756348580122,0.0
resc,random4_uvarfs,5,0.896722719294275,0.03674588027512079,0.873121688552302,0.05334025091569889,0.9778140355010223,0.004002396214068231,0.5566232590636643,0.08235991162744691,0.8264785526415098,0.11364236853884896,229.0,29.949958263743873,4.0,0.0,0.9503038194444444,0.006499556914874966,0.6685277789831161,0.026150390148622374
resc,randomk_raw,5,0.9306361935513074,0.009652641660308482,0.9235735622829049,0.013487954181055617,0.9819298383357516,0.0012059294495148738,0.6472658028682191,0.01624319832167446,0.9123347565539479,0.012412554356655524,768.0,0.0,2.0,0.0,0.8333333333333334,0.0,1.0938323107082397,0.00016711629005724673
resc,randomk_uvarfs,5,0.9284553213533101,0.011272938870075109,0.920072218326613,0.01564560160350384,0.9818336147810764,0.0005524288802709229,0.6378875600914521,0.026525855647386014,0.9125087696846332,0.01027721243130502,233.8,26.385602134497518,2.0,0.0,0.9492621527777778,0.005726042129882289,0.6725506265182049,0.027745956411853644
oct2017,all_raw,1,0.8228661521298637,0.0,0.9399706998405511,0.0,,0.0,,0.0,,0.0,4608.0,0.0,12.0,0.0,0.0,0.0,2.339815620565787,0.0
oct2017,all_uvarfs,1,0.8230739020558705,0.0,0.9410453991422484,0.0,,0.0,,0.0,,0.0,256.0,0.0,12.0,0.0,0.9444444444444444,0.0,0.3425956584978848,0.0
oct2017,asls_pca,1,0.4429826059240033,0.0,0.7531429789886152,0.0,,0.0,,0.0,,0.0,95.0,0.0,2.0,0.0,0.9793836805555556,0.0,0.2954468356911093,0.0
oct2017,asls_random,5,0.6897929330874485,0.10431516479877075,0.862784209299828,0.05334931172175857,,,,,,,95.0,0.0,2.0,0.0,0.9793836805555556,0.0,0.29015555288642647,0.0005027156933283849
oct2017,asls_raw,1,0.8920241103749743,0.0,0.953101682081811,0.0,,0.0,,0.0,,0.0,768.0,0.0,2.0,0.0,0.8333333333333334,0.0,0.5563395963981748,0.0
oct2017,fixed4_raw,1,0.838396170571227,0.0,0.9464123869454012,0.0,,0.0,,0.0,,0.0,1536.0,0.0,4.0,0.0,0.6666666666666667,0.0,0.8709513123612851,0.0
oct2017,fixed4_uvarfs,1,0.8351404731006534,0.0,0.944850888856292,0.0,,0.0,,0.0,,0.0,161.0,0.0,4.0,0.0,0.9650607638888888,0.0,0.3405099883675575,0.0
oct2017,last_raw,1,0.8383762493454454,0.0,0.9465634889549144,0.0,,0.0,,0.0,,0.0,384.0,0.0,1.0,0.0,0.9166666666666666,0.0,0.3863169683609158,0.0
oct2017,main,1,0.917520433485873,0.0,0.962525089399558,0.0,,0.0,,0.0,,0.0,95.0,0.0,2.0,0.0,0.9793836805555556,0.0,0.2898558292072266,0.0
oct2017,random4_uvarfs,5,0.8573219042415137,0.09144783126977538,0.9502115509901206,0.03359361134391075,,,,,,,201.8,39.84595337044905,4.0,0.0,0.9562065972222223,0.008647125297406489,0.34346709181554613,0.01720065482213059
oct2017,randomk_raw,5,0.8955080481752159,0.052652419161151646,0.9638374397318771,0.019632699846365943,,,,,,,768.0,0.0,2.0,0.0,0.8333333333333334,0.0,0.6072764834854751,0.07146132085011313
oct2017,randomk_uvarfs,5,0.8648805864808871,0.0927284283829333,0.9512479979657348,0.03623765307851724,,,,,,,197.6,56.897275857460876,2.0,0.0,0.9571180555555555,0.012347499101011503,0.36402857061475513,0.029996300327507667
xray,all_raw,1,0.7800954600725993,0.0,0.9822299574896776,0.0,,0.0,,0.0,,0.0,4608.0,0.0,12.0,0.0,0.0,0.0,43.850413240958005,0.0
xray,all_uvarfs,1,0.7702301500021103,0.0,0.9810672916510156,0.0,,0.0,,0.0,,0.0,212.0,0.0,12.0,0.0,0.9539930555555556,0.0,6.7219005189836025,0.0
xray,asls_pca,1,0.7204025290530062,0.0,0.9809259627809446,0.0,,0.0,,0.0,,0.0,87.0,0.0,2.0,0.0,0.9811197916666666,0.0,6.938291718484834,0.0
xray,asls_random,5,0.6207565627727247,0.03445932573905158,0.9716782828544623,0.002457650646286748,,,,,,,87.0,0.0,2.0,0.0,0.9811197916666666,0.0,5.23946650964208,0.0973564957878904
xray,asls_raw,1,0.6903345876870813,0.0,0.9763702742300128,0.0,,0.0,,0.0,,0.0,768.0,0.0,2.0,0.0,0.8333333333333334,0.0,14.852970209205523,0.0
xray,fixed4_raw,1,0.7787680481564495,0.0,0.9820186410779456,0.0,,0.0,,0.0,,0.0,1536.0,0.0,4.0,0.0,0.6666666666666667,0.0,15.80616344162263,0.0
xray,fixed4_uvarfs,1,0.7700203759347876,0.0,0.9811923863049884,0.0,,0.0,,0.0,,0.0,160.0,0.0,4.0,0.0,0.9652777777777778,0.0,5.938018878689036,0.0
xray,last_raw,1,0.7774852980675744,0.0,0.9818686029381696,0.0,,0.0,,0.0,,0.0,384.0,0.0,1.0,0.0,0.9166666666666666,0.0,6.972185796592385,0.0
xray,main,1,0.7133084366074705,0.0,0.9786173572578428,0.0,,0.0,,0.0,,0.0,87.0,0.0,2.0,0.0,0.9811197916666666,0.0,5.184853199170902,0.0
xray,random4_uvarfs,5,0.7800964040168965,0.013942876903341422,0.9830396105850678,0.0020921151068023745,,,,,,,217.8,44.53313373208762,4.0,0.0,0.952734375,0.00966430853560929,6.168507724069059,0.24789644632652197
xray,randomk_raw,5,0.7957448863377949,0.01752568104815676,0.9853172870370444,0.0013914032526992765,,,,,,,768.0,0.0,2.0,0.0,0.8333333333333334,0.0,10.094227891881019,0.0316201289665161
xray,randomk_uvarfs,5,0.7945729053817541,0.019132797610193247,0.9853184104226808,0.0014748147796794751,,,,,,,245.0,16.217274740226856,2.0,0.0,0.9468315972222223,0.003519373858556183,6.265960669657216,0.2537453174951815
camelyon16,all_raw,1,0.6930250495996919,0.0,0.6002208366539273,0.0,,0.0,,0.0,,0.0,4608.0,0.0,12.0,0.0,0.0,0.0,4.859946826007217,0.0
camelyon16,all_uvarfs,1,0.690145860206102,0.0,0.5959309619571729,0.0,,0.0,,0.0,,0.0,208.0,0.0,12.0,0.0,0.9548611111111112,0.0,0.6654742627870291,0.0
camelyon16,asls_pca,1,0.5926972603316809,0.0,0.56864441574852,0.0,,0.0,,0.0,,0.0,143.0,0.0,2.0,0.0,0.9689670138888888,0.0,0.6942929753568023,0.0
camelyon16,asls_random,5,0.5103430152199337,0.04257659904518687,0.5184160659926089,0.025169990597601385,,,,,,,143.0,0.0,2.0,0.0,0.968967013888889,1.2412670766236366e-16,0.8928657930810004,0.3437710254736309
camelyon16,asls_raw,1,0.5366004601888499,0.0,0.532388007867739,0.0,,0.0,,0.0,,0.0,768.0,0.0,2.0,0.0,0.8333333333333334,0.0,1.151859886711463,0.0
camelyon16,fixed4_raw,1,0.6900786573879969,0.0,0.5957867167334773,0.0,,0.0,,0.0,,0.0,1536.0,0.0,4.0,0.0,0.6666666666666667,0.0,1.8111419493798169,0.0
camelyon16,fixed4_uvarfs,1,0.6904989257579375,0.0,0.5953597911991371,0.0,,0.0,,0.0,,0.0,149.0,0.0,4.0,0.0,0.9676649305555556,0.0,0.6732264561578631,0.0
camelyon16,last_raw,1,0.6887471388650948,0.0,0.5949594000776132,0.0,,0.0,,0.0,,0.0,384.0,0.0,1.0,0.0,0.9166666666666666,0.0,0.8019690667279065,0.0
camelyon16,main,1,0.5559774399136594,0.0,0.5443739683514672,0.0,,0.0,,0.0,,0.0,143.0,0.0,2.0,0.0,0.9689670138888888,0.0,0.668239681981504,0.0
camelyon16,random4_uvarfs,5,0.702043768092102,0.01812196125220764,0.609705614955236,0.014858801359040757,,,,,,,206.6,40.69766578072998,4.0,0.0,0.9551649305555555,0.008831958719776456,0.7079206453636289,0.06922813939302905
camelyon16,randomk_raw,5,0.7308133948255836,0.03399010293589204,0.639126521100756,0.029285495438812762,,,,,,,768.0,0.0,2.0,0.0,0.8333333333333334,0.0,1.1581041116733104,0.012256827886761277
camelyon16,randomk_uvarfs,5,0.7339670124435547,0.032111582509503224,0.6421536056238397,0.028749515532275696,,,,,,,221.2,51.33419912689785,2.0,0.0,0.9519965277777779,0.011140234185524726,0.691438844287768,0.024625965132370867
