dataset,comparison,delta_auroc,ci95_lower,ci95_upper,bootstrap_draws,bootstrap_seed,bootstrap_unit,stratified_by_label
brain,fixed4_raw,-0.17764862804878057,-0.20104825330284545,-0.1535898119918699,2000,42,image,True
brain,asls_raw,0.11677134146341472,0.10080363313008132,0.13213255843495936,2000,42,image,True
brain,randomk_raw,-0.0794769817073171,-0.10094509400406511,-0.05689318216463429,2000,42,image,True
brain,randomk_uvarfs,-0.06849258130081304,-0.09023900660569105,-0.045886415142276454,2000,42,image,True
brain,asls_random,0.1682990853658537,0.15069628302845528,0.18539322027439017,2000,42,image,True
liver,fixed4_raw,0.05423623995052551,0.03376002673796792,0.07451737513187089,2000,42,image,True
liver,asls_raw,0.002412783295136278,-0.0052347984648405425,0.009433341518425531,2000,42,image,True
liver,randomk_raw,0.02710938921022954,0.01464683600712995,0.03952710629706417,2000,42,image,True
liver,randomk_uvarfs,0.03021626832551194,0.017725763032485787,0.0429607024628032,2000,42,image,True
liver,asls_random,0.03737276728873362,0.029012027538288028,0.04527848866819463,2000,42,image,True
resc,fixed4_raw,0.012575378084906275,-0.001859493740915641,0.02686551330023994,2000,42,image,True
resc,asls_raw,-0.010209046879007921,-0.01628663286912,-0.004311576162670874,2000,42,image,True
resc,randomk_raw,-0.024902806906367814,-0.03455727791440976,-0.015039471334952764,2000,42,image,True
resc,randomk_uvarfs,-0.022721934708370473,-0.03270276956309637,-0.012725489863250644,2000,42,image,True
resc,asls_random,0.025805332166513262,0.018645970070059515,0.03312354776166707,2000,42,image,True
oct2017,fixed4_raw,0.07912426291464603,0.05320866914828225,0.10608557874006791,2000,42,image,True
oct2017,asls_raw,0.025496323110898667,0.002039720078318852,0.04913634371513782,2000,42,image,True
oct2017,randomk_raw,0.02201238531065708,-0.00029750927759933095,0.04410297566195384,2000,42,image,True
oct2017,randomk_uvarfs,0.05263984700498592,0.028763873710812175,0.07571740602873203,2000,42,image,True
oct2017,asls_random,0.2277275003984245,0.20194685870728318,0.25323517860801864,2000,42,image,True
xray,fixed4_raw,-0.06545961154897906,-0.08229776207969815,-0.04899057736860004,2000,42,image,True
xray,asls_raw,0.022973848920389117,0.014768358604906532,0.030903236504151416,2000,42,image,True
xray,randomk_raw,-0.08243644973032449,-0.09764472206808358,-0.06597948321468107,2000,42,image,True
xray,randomk_uvarfs,-0.08126446877428362,-0.09628611727860396,-0.06454384398925521,2000,42,image,True
xray,asls_random,0.09255187383474572,0.08145792216172924,0.10404556407419777,2000,42,image,True
camelyon16,fixed4_raw,-0.13410121747433745,-0.16244459528858096,-0.1040495966827887,2000,42,image,True
camelyon16,asls_raw,0.019376979724809562,0.004951807053688065,0.03427161924688717,2000,42,image,True
camelyon16,randomk_raw,-0.17483595491192416,-0.2005069725431352,-0.14726627712436122,2000,42,image,True
camelyon16,randomk_uvarfs,-0.17798957252989522,-0.20409372235406462,-0.15033599904511805,2000,42,image,True
camelyon16,asls_random,0.045634424693725695,0.0294568883891584,0.06242892800471836,2000,42,image,True
