dataset,layer,selected,probability,variability,geometry_error
brain,1,0,0.9928281903266907,0.2146395742893219,0.0029096638318151236
brain,2,1,0.9931917786598206,0.4765959680080414,0.0029096638318151236
brain,3,0,0.992989182472229,0.3370593190193176,0.0029096638318151236
brain,4,1,0.9930487871170044,0.37966859340667725,0.0029096638318151236
brain,5,0,0.9929664134979248,0.3201481103897095,0.0029096638318151236
brain,6,0,0.9928682446479797,0.24596700072288513,0.0029096638318151236
brain,7,0,0.9927787184715271,0.17497901618480682,0.0029096638318151236
brain,8,0,0.9927207231521606,0.12702712416648865,0.0029096638318151236
brain,9,0,0.9926674962043762,0.08181163668632507,0.0029096638318151236
brain,10,0,0.9926356673240662,0.053704991936683655,0.0029096638318151236
brain,11,0,0.9926095604896545,0.031223004683852196,0.0029096638318151236
brain,12,0,0.9926052093505859,0.028165236115455627,0.0029096638318151236
camelyon16,1,1,0.9932823181152344,0.3242207169532776,0.03484533354640007
camelyon16,2,1,0.9931246638298035,0.2635462284088135,0.03484533354640007
camelyon16,3,0,0.9927790760993958,0.10460025072097778,0.03484533354640007
camelyon16,4,0,0.992763340473175,0.09770002961158752,0.03484533354640007
camelyon16,5,0,0.9927334785461426,0.08421929180622101,0.03484533354640007
camelyon16,6,0,0.9927559494972229,0.09528493881225586,0.03484533354640007
camelyon16,7,0,0.9927451014518738,0.09018003195524216,0.03484533354640007
camelyon16,8,0,0.992771327495575,0.10228297114372253,0.03484533354640007
camelyon16,9,0,0.9927703738212585,0.10129792988300323,0.03484533354640007
camelyon16,10,0,0.9927608966827393,0.09578536450862885,0.03484533354640007
camelyon16,11,0,0.9927093982696533,0.06879492104053497,0.03484533354640007
camelyon16,12,0,0.9926841855049133,0.055636804550886154,0.03484533354640007
liver,1,0,0.9927022457122803,0.2722620964050293,0.005172020755708218
liver,2,0,0.9929920434951782,0.9505059123039246,0.005172020755708218
liver,3,1,0.9930949211120605,1.1693689823150635,0.005172020755708218
liver,4,1,0.9932034015655518,1.3885889053344727,0.005172020755708218
liver,5,0,0.9930128455162048,0.9971693754196167,0.005172020755708218
liver,6,0,0.9928955435752869,0.7368718981742859,0.005172020755708218
liver,7,0,0.9927858710289001,0.4787392020225525,0.005172020755708218
liver,8,0,0.9927127957344055,0.2987147271633148,0.005172020755708218
liver,9,0,0.9926599860191345,0.1638289988040924,0.005172020755708218
liver,10,0,0.9926317930221558,0.0907052755355835,0.005172020755708218
liver,11,0,0.9926164746284485,0.049748197197914124,0.005172020755708218
liver,12,0,0.9926143884658813,0.05060407519340515,0.005172020755708218
oct2017,1,1,0.9930567741394043,0.22562085092067719,0.02361942268908024
oct2017,2,1,0.9931332468986511,0.24523484706878662,0.02361942268908024
oct2017,3,0,0.9929134249687195,0.18198180198669434,0.02361942268908024
oct2017,4,0,0.9929609894752502,0.1941307783126831,0.02361942268908024
oct2017,5,0,0.9928688406944275,0.16767141222953796,0.02361942268908024
oct2017,6,0,0.9928517937660217,0.16266879439353943,0.02361942268908024
oct2017,7,0,0.9928075075149536,0.14878205955028534,0.02361942268908024
oct2017,8,0,0.9927856922149658,0.1417074054479599,0.02361942268908024
oct2017,9,0,0.9927247762680054,0.12136490643024445,0.02361942268908024
oct2017,10,0,0.9926609992980957,0.09828595817089081,0.02361942268908024
oct2017,11,0,0.9925816059112549,0.0693357065320015,0.02361942268908024
oct2017,12,0,0.9925723671913147,0.0649426132440567,0.02361942268908024
resc,1,0,0.9927569031715393,0.31954556703567505,0.004099793266505003
resc,2,0,0.9930146932601929,0.5012373328208923,0.004099793266505003
resc,3,1,0.9930602312088013,0.5307725667953491,0.004099793266505003
resc,4,1,0.993095338344574,0.552923858165741,0.004099793266505003
resc,5,0,0.9929733276367188,0.4734119772911072,0.004099793266505003
resc,6,0,0.9929624199867249,0.4658932685852051,0.004099793266505003
resc,7,0,0.9928493499755859,0.38746148347854614,0.004099793266505003
resc,8,0,0.9928063154220581,0.3563964068889618,0.004099793266505003
resc,9,0,0.9926914572715759,0.2699398994445801,0.004099793266505003
resc,10,0,0.9926251769065857,0.21717087924480438,0.004099793266505003
resc,11,0,0.9925354719161987,0.14321565628051758,0.004099793266505003
resc,12,0,0.9925479292869568,0.15440931916236877,0.004099793266505003
xray,1,1,0.9931808710098267,0.3362366557121277,0.014053045772016048
xray,2,1,0.9931895732879639,0.33969709277153015,0.014053045772016048
xray,3,0,0.9928575754165649,0.1953311413526535,0.014053045772016048
xray,4,0,0.9928431510925293,0.18823407590389252,0.014053045772016048
xray,5,0,0.992782711982727,0.1594623178243637,0.014053045772016048
xray,6,0,0.9927874207496643,0.16171053051948547,0.014053045772016048
xray,7,0,0.9927592277526855,0.14799587428569794,0.014053045772016048
xray,8,0,0.9927714467048645,0.15401525795459747,0.014053045772016048
xray,9,0,0.9927372336387634,0.13689076900482178,0.014053045772016048
xray,10,0,0.992716908454895,0.12637683749198914,0.014053045772016048
xray,11,0,0.992659866809845,0.09648182988166809,0.014053045772016048
xray,12,0,0.9926111102104187,0.06923047453165054,0.014053045772016048
