dataset,method_family,runs,image_auroc_mean,image_auroc_std,image_auprc_mean,image_auprc_std,feature_dim_mean,feature_dim_std,memory_size_mean,memory_size_std,compression_ratio_mean,compression_ratio_std,selected_layer_count_mean,selected_layer_count_std
brain,all_raw,1,0.8815571646341464,0.0,0.9671752701906859,0.0,4608.0,0.0,20000.0,0.0,0.0,0.0,12.0,0.0
brain,all_uvarfs,1,0.8681110264227643,0.0,0.961664055809371,0.0,256.0,0.0,20000.0,0.0,0.9444444444444444,0.0,12.0,0.0
brain,asls_pca,1,0.7100503048780488,0.0,0.9111849388259268,0.0,255.0,0.0,20000.0,0.0,0.9446614583333334,0.0,2.0,0.0
brain,asls_random,5,0.49642921747967483,0.08548479051731571,0.8217538933643839,0.03586079994201416,255.0,0.0,20000.0,0.0,0.9446614583333334,0.0,2.0,0.0
brain,asls_raw,1,0.6012586382113821,0.0,0.8544361546309325,0.0,768.0,0.0,20000.0,0.0,0.8333333333333334,0.0,2.0,0.0
brain,fixed4_raw,1,0.8943252032520325,0.0,0.9711735754374254,0.0,1536.0,0.0,20000.0,0.0,0.6666666666666667,0.0,4.0,0.0
brain,fixed4_uvarfs,1,0.8710543699186992,0.0,0.9629635768020501,0.0,256.0,0.0,20000.0,0.0,0.9444444444444444,0.0,4.0,0.0
brain,last_raw,1,0.8909341971544715,0.0,0.9716029784405797,0.0,384.0,0.0,20000.0,0.0,0.9166666666666666,0.0,1.0,0.0
brain,main,1,0.7148010670731707,0.0,0.9036885122321536,0.0,255.0,0.0,20000.0,0.0,0.9446614583333334,0.0,2.0,0.0
brain,random4_uvarfs,5,0.8356056910569105,0.045916407406863216,0.9513278561476554,0.01599334457843398,256.0,0.0,20000.0,0.0,0.9444444444444444,0.0,4.0,0.0
camelyon16,all_raw,1,0.6936012886892642,0.0,0.6011665844670138,0.0,4608.0,0.0,20000.0,0.0,0.0,0.0,12.0,0.0
camelyon16,all_uvarfs,1,0.689113243769697,0.0,0.5942197902424247,0.0,256.0,0.0,20000.0,0.0,0.9444444444444444,0.0,12.0,0.0
camelyon16,asls_pca,1,0.5890061204715833,0.0,0.5670199660914561,0.0,149.0,0.0,20000.0,0.0,0.9676649305555556,0.0,2.0,0.0
camelyon16,asls_random,5,0.5042810201187183,0.03566097322737109,0.5142120093711942,0.03107211939324242,149.0,0.0,20000.0,0.0,0.9676649305555556,0.0,2.0,0.0
camelyon16,asls_raw,1,0.5376275599760076,0.0,0.5328564431271353,0.0,768.0,0.0,20000.0,0.0,0.8333333333333334,0.0,2.0,0.0
camelyon16,fixed4_raw,1,0.6896924919406768,0.0,0.5953620929358889,0.0,1536.0,0.0,20000.0,0.0,0.6666666666666667,0.0,4.0,0.0
camelyon16,fixed4_uvarfs,1,0.6894773426200272,0.0,0.5955489867949051,0.0,172.0,0.0,20000.0,0.0,0.9626736111111112,0.0,4.0,0.0
camelyon16,last_raw,1,0.6902416492975801,0.0,0.5954423849832982,0.0,384.0,0.0,20000.0,0.0,0.9166666666666666,0.0,1.0,0.0
camelyon16,main,1,0.5554087235276063,0.0,0.5434442821082848,0.0,149.0,0.0,20000.0,0.0,0.9676649305555556,0.0,2.0,0.0
camelyon16,random4_uvarfs,5,0.7031231255930399,0.022841612171590676,0.6105499123444904,0.017407021327109858,238.8,23.89979079406345,20000.0,0.0,0.9481770833333334,0.005186586543850581,4.0,0.0
liver,all_raw,1,0.6017125031830914,0.0,0.5254008998450053,0.0,4608.0,0.0,20000.0,0.0,0.0,0.0,12.0,0.0
liver,all_uvarfs,1,0.6064252973916839,0.0,0.5416093394117664,0.0,256.0,0.0,20000.0,0.0,0.9444444444444444,0.0,12.0,0.0
liver,asls_pca,1,0.5335807050092765,0.0,0.4457783035566221,0.0,232.0,0.0,20000.0,0.0,0.9496527777777778,0.0,2.0,0.0
liver,asls_random,5,0.5923591254683691,0.055495090830549106,0.49047690876093436,0.06951945330195991,232.0,0.0,20000.0,0.0,0.9496527777777779,1.2412670766236366e-16,2.0,0.0
liver,asls_raw,1,0.644047619047619,0.0,0.5409820915892367,0.0,768.0,0.0,20000.0,0.0,0.8333333333333334,0.0,2.0,0.0
liver,fixed4_raw,1,0.5993288224380662,0.0,0.5599587585408915,0.0,1536.0,0.0,20000.0,0.0,0.6666666666666667,0.0,4.0,0.0
liver,fixed4_uvarfs,1,0.5966413838262579,0.0,0.5316667048409194,0.0,256.0,0.0,20000.0,0.0,0.9444444444444444,0.0,4.0,0.0
liver,last_raw,1,0.5865291571173924,0.0,0.5319403625875323,0.0,384.0,0.0,20000.0,0.0,0.9166666666666666,0.0,1.0,0.0
liver,main,1,0.6474535268652917,0.0,0.5570514012130556,0.0,232.0,0.0,20000.0,0.0,0.9496527777777778,0.0,2.0,0.0
liver,random4_uvarfs,5,0.6248472116119175,0.02843497566618719,0.5618440387809652,0.02752951626235584,256.0,0.0,20000.0,0.0,0.9444444444444444,0.0,4.0,0.0
oct2017,all_raw,1,0.8244399289666007,0.0,0.9405746183676512,0.0,4608.0,0.0,20000.0,0.0,0.0,0.0,12.0,0.0
oct2017,all_uvarfs,1,0.8160303257974182,0.0,0.9380773470306838,0.0,256.0,0.0,20000.0,0.0,0.9444444444444444,0.0,12.0,0.0
oct2017,asls_pca,1,0.4450999476356351,0.0,0.7552057637800956,0.0,101.0,0.0,20000.0,0.0,0.9780815972222222,0.0,2.0,0.0
oct2017,asls_random,5,0.6490716708785829,0.10584307404436849,0.8368687710511219,0.054485778538991086,101.0,0.0,20000.0,0.0,0.9780815972222221,1.2412670766236366e-16,2.0,0.0
oct2017,asls_raw,1,0.8910536620904765,0.0,0.9532426807565588,0.0,768.0,0.0,20000.0,0.0,0.8333333333333334,0.0,2.0,0.0
oct2017,fixed4_raw,1,0.8422637342622316,0.0,0.947683283099126,0.0,1536.0,0.0,20000.0,0.0,0.6666666666666667,0.0,4.0,0.0
oct2017,fixed4_uvarfs,1,0.8346054458939509,0.0,0.9440359775811423,0.0,192.0,0.0,20000.0,0.0,0.9583333333333334,0.0,4.0,0.0
oct2017,last_raw,1,0.8402915329098651,0.0,0.946978500889847,0.0,384.0,0.0,20000.0,0.0,0.9166666666666666,0.0,1.0,0.0
oct2017,main,1,0.9196662340914783,0.0,0.963111404368082,0.0,101.0,0.0,20000.0,0.0,0.9780815972222222,0.0,2.0,0.0
oct2017,random4_uvarfs,5,0.8595559274184369,0.0921599757610497,0.9507481872030847,0.0339284505765631,227.4,29.219856262480143,20000.0,0.0,0.9506510416666668,0.006341114640295188,4.0,0.0
resc,all_raw,1,0.8991310459636576,0.0,0.8780997337627121,0.0,4608.0,0.0,20000.0,0.0,0.0,0.0,12.0,0.0
resc,all_uvarfs,1,0.88565603452178,0.0,0.8538158215076583,0.0,256.0,0.0,20000.0,0.0,0.9444444444444444,0.0,12.0,0.0
resc,asls_pca,1,0.591283552363565,0.0,0.5248216702451071,0.0,224.0,0.0,20000.0,0.0,0.9513888888888888,0.0,2.0,0.0
resc,asls_random,5,0.8794070089674146,0.03215836549376766,0.8627335518231991,0.03515050286047622,224.0,0.0,20000.0,0.0,0.951388888888889,1.2412670766236366e-16,2.0,0.0
resc,asls_raw,1,0.9140595530877982,0.0,0.9035260917324355,0.0,768.0,0.0,20000.0,0.0,0.8333333333333334,0.0,2.0,0.0
resc,fixed4_raw,1,0.8969042805196373,0.0,0.8651868597471699,0.0,1536.0,0.0,20000.0,0.0,0.6666666666666667,0.0,4.0,0.0
resc,fixed4_uvarfs,1,0.8817060719907862,0.0,0.8438605041184933,0.0,255.0,0.0,20000.0,0.0,0.9446614583333334,0.0,4.0,0.0
resc,last_raw,1,0.8901422564891793,0.0,0.857091498216212,0.0,384.0,0.0,20000.0,0.0,0.9166666666666666,0.0,1.0,0.0
resc,main,1,0.9055963355814737,0.0,0.8988484153723528,0.0,224.0,0.0,20000.0,0.0,0.9513888888888888,0.0,2.0,0.0
resc,random4_uvarfs,5,0.8962284553213532,0.03648001871080571,0.8766878856971783,0.049143448348405845,252.0,8.94427190999916,20000.0,0.0,0.9453125,0.001941031230468573,4.0,0.0
xray,all_raw,1,0.7805180896782967,0.0,0.9826521872878088,0.0,4608.0,0.0,20000.0,0.0,0.0,0.0,12.0,0.0
xray,all_uvarfs,1,0.7684846721778971,0.0,0.9806809809155852,0.0,256.0,0.0,20000.0,0.0,0.9444444444444444,0.0,12.0,0.0
xray,asls_pca,1,0.7122065181616053,0.0,0.9800052041495217,0.0,94.0,0.0,20000.0,0.0,0.9796006944444444,0.0,2.0,0.0
xray,asls_random,5,0.659564094324843,0.007684019238537666,0.9745016742288465,0.0008668878578830144,94.0,0.0,20000.0,0.0,0.9796006944444444,0.0,2.0,0.0
xray,asls_raw,1,0.6909923452358467,0.0,0.9765589983640394,0.0,768.0,0.0,20000.0,0.0,0.8333333333333334,0.0,2.0,0.0
xray,fixed4_raw,1,0.7767066610404465,0.0,0.9817339581996443,0.0,1536.0,0.0,20000.0,0.0,0.6666666666666667,0.0,4.0,0.0
xray,fixed4_uvarfs,1,0.7687826387268516,0.0,0.9812836199796882,0.0,182.0,0.0,20000.0,0.0,0.9605034722222222,0.0,4.0,0.0
xray,last_raw,1,0.7787501054136142,0.0,0.9822029342341712,0.0,384.0,0.0,20000.0,0.0,0.9166666666666666,0.0,1.0,0.0
xray,main,1,0.7115886637126672,0.0,0.9784976659343007,0.0,94.0,0.0,20000.0,0.0,0.9796006944444444,0.0,2.0,0.0
xray,random4_uvarfs,5,0.7770209398829961,0.014523004788209367,0.9829886252337218,0.0020428893572813933,228.4,39.067889628184425,20000.0,0.0,0.9504340277777779,0.008478274658894204,4.0,0.0
